river,sdate,fdval
2008,Oreti River,208.3734
2008,Waiau River,86.617
2008,Clutha,43.0287
2008,Matakana River,182.5162
2008,Mahurangi River,214.5724
2008,Waiwera River,311.4785
2008,West Hoe,66.4167
2008,Okura Creek,392.7222
2008,Vaughans,429.7778
2008,Oteha,311.3151
2008,Lucas,325.9981
2008,Opanuku,292.7288
2008,Oakley,1111.7912
2008,Otara Creek,1661.7502
2008,Pakuranga Creek,862.4843
2008,Otaki,1205.1213
2008,Wairoa River,294.6226
2008,Puhinui Creek,506.4568
2008,Ngakaroa,885.7244
2008,Papakura Stream,684.918
2008,Cascade Stream,66.6817
2008,Kumeu River,509.5964
2008,Raukokore River,27.1536
2008,Nukuhou River,327.217
2008,Waimana River,80.6719
2008,Whakatane River,60.7839
2008,Ngongotaha Stream,358.8328
2008,Rangitaiki River,188.1105
2008,Tarawera River,116.3894
2008,Ohau Channel,85.6626
2008,Lake Rotoiti Outlet to Kaituna,58.239
2008,Kaituna River,228.6955
2008,Ngamuwahine Stream,174.4194
2008,Omanawa River,472.0693
2008,Puarenga Stream,331.6026
2008,Haparapara,18.6534
2008,Waioeka River,62.1311
2008,Waimapu River,351.8649
2008,Waimapu,430.095
2008,Uretara Stream,112.2377
2008,Tuapiro Stream,104.8406
2008,Waitao Stream,571.2561
2008,Kopurererua Stream,512.634
2008,Waipapa,122.6029
2008,Te Mania Stream,207.0297
2008,Aongatete River,122.3815
2008,Waiau Stream,232.3029
2008,Omarama Stream,128.7286
2008,Willowburn,221.4029
2008,Sutherlands Creek,266.4536
2008,Hakataramea River,42.7107
2008,Maerewhenua River,65.5464
2008,Otiake River,22.719
2008,Penticotico Stream,467.6107
2008,Maryburn,57.4179
2008,Otematata River,21.4
2008,Wairepo Creek,43.0429
2008,Cattle Creek,47.1536
2008,Deadman Stream,458.5357
2008,Smithfield Creek,1468.1571
2008,Ashburton River,358.9986
2008,Rangitata River,156.5679
2008,Taumatakahu Stream,501.2357
2008,Temuka River,580.8429
2008,Raukapuka Creek,709.975
2008,Waihi River,65.9321
2008,Tengawai River,146.95
2008,Saltwater Creek,282.9804
2008,Boundary Drain,2606.3143
2008,Petries Drain,1747.0536
2008,Rhodes Stream,3011.4857
2008,Waihao River,151.0393
2008,Hae Hae Te Moana,47.1536
2008,Ohapi Creek,368.8679
2008,Buchanans Creek,244.3107
2008,Sir Charles Creek,662.3786
2008,Hook River,595.1321
2008,Coopers Creek,441.9143
2008,Taitarakihi Creek,204.6321
2008,Mckinnons Stream,2313.925
2008,Forks Stream,16.8643
2008,Irishman Creek,22.2607
2008,Orari River,613.6619
2008,Leader River,64.0
2008,Waipara River,191.1926
2008,Ashley River,140.9087
2008,Taranaki Creek,774.1036
2008,Waikuku Stream,414.5071
2008,Cam River,559.3107
2008,Southbrook Stream,724.7732
2008,Cust River,1419.2077
2008,Ohoka River,1279.9429
2008,South Branch,183.0625
2008,Aylmers Valley Stream,211.3214
2008,Kaituna Stream,205.8762
2008,LII Stream,1165.006
2008,Selwyn River,1142.8846
2008,Waireka River,574.6731
2008,Boggy Creek,2104.6155
2008,Doyleston Drain,1295.8429
2008,Harts Creek,1647.0393
2008,Rakaia River,96.8596
2008,Styx River,272.8116
2008,French Farm Stream,245.0071
2008,Halswell River,1052.5536
2008,Okuti River,172.4029
2008,Okana River,203.28
2008,Conway River,87.0714
2008,Kowhai River,37.1857
2008,Lyell Creek,534.4589
2008,Okarahia Stream,53.8571
2008,Warren Creek,365.8929
2008,Lee River,827.8071
2008,Waikewai Creek,1029.4821
2008,Middle Creek,554.6429
2008,Te Wharau Stream,212.3643
2008,Hawkins River,1197.7038
2008,Living Springs Stream,855.0464
2008,Mason River,48.6429
2008,Zephyr Stream,161.1232
2008,North Brook UpStream,313.2054
2008,Wainui Stream,194.4518
2008,Takamatua Stream,248.0214
2008,Kahutara River,81.0179
2008,Blue Duck Creek,80.1786
2008,Hapuka River,39.7536
2008,Barrys Bay Stream,343.7571
2008,Pawsons Stream,278.6625
2008,Purau Stream,148.4732
2008,Teddington Stream,315.6122
2008,Mararoa River,68.7923
2008,Aparima River,228.6864
2008,Pourakino River,102.8718
2008,Otautau Stream,682.3675
2008,Cromel Stream,24.882
2008,Irthing Stream,468.2049
2008,Winton Stream,675.9726
2008,Makarewa River,463.5201
2008,Dunsdale Stream,113.0953
2008,Waikiwi Stream,1218.8446
2008,Waihopai River,1098.3581
2008,Otepuni Creek,1113.76
2008,Mataura River,387.6769
2008,Waikaia River,142.6575
2008,Waikaka Stream,508.5284
2008,Mokoreta River,519.4096
2008,Mimihau Stream Tributary,137.4249
2008,Otamita Stream,372.1976
2008,Waimea Stream,952.0554
2008,Waituna Creek,667.6744
2008,Waikopikopiko Stream,172.0296
2008,Waikawa River,364.899
2008,Waimatuku Stream,905.7884
2008,Oteramika Stream,979.392
2008,Upukeroa River,69.5743
2008,Mimihau Stream,401.3545
2008,Otapiri Stream,373.3878
2008,Bog Burn,565.0901
2008,Tussock Creek,1120.3601
2008,Opouriki Stream,669.1837
2008,Mokotua Stream,122.8075
2008,Currens Creek,493.147
2008,Currens Creek Tributary,146.9543
2008,Moffat Creek,608.6138
2008,Orauea River,382.9965
2008,Whitestone River,195.2537
2008,Tokanui River,478.1031
2008,Longridge Stream,1306.6377
2008,North Peak Stream,551.8108
2008,Sandstone Stream,1489.6257
2008,Waimea Stream tributary,366.2466
2008,Awakino River,86.4537
2008,Awaroa Stm (Rotowaro),383.1718
2008,Awaroa River (Waiuku),553.5557
2008,Hikutaia River,65.8432
2008,Hinemaiaia River,43.6147
2008,Kaniwhaniwha Stm,276.2157
2008,Karapiro Stm,501.738
2008,Kauaeranga River,45.7289
2008,Kawaunui Stm,1121.6151
2008,Kirikiriroa Stm,657.8699
2008,Komakorau Stm,1465.558
2008,Kuratau River,148.0151
2008,Little Waipa Stm,575.7868
2008,Mangaharakeke Stm (Atiamuri),220.1603
2008,Mangakara Stm (Reporoa),568.9708
2008,Mangakino Stm (Whakamaru),245.7785
2008,Mangakotukutuku Stm (Rukuhia),779.8807
2008,Mangamingi Stm (Tokoroa),1292.6533
2008,Manganui River,243.7962
2008,Mangaohoi Stm,136.0109
2008,Mangaokewa Stm,291.1485
2008,Mangaone Stm,1081.6914
2008,Mangaonua Stm,626.5185
2008,Mangaotaki River,318.3981
2008,Mangapiko Stm (Pirongia/Te Awamutu),1052.8811
2008,Mangapu River,558.6293
2008,Mangatangi River,214.8533
2008,Mangatutu Stm (Waikeria),243.4661
2008,Mangauika Stm,76.4854
2008,Mangawara Stm,863.4561
2008,Mangawhero Stm (Cambridge),1023.1967
2008,Mangawhero Stm (Kaihere),232.7818
2008,Mapara Stm (Lake Taupo),305.733
2008,Marokopa River,150.4309
2008,Matahuru Stm,553.3294
2008,Mokau River,269.0739
2008,Mokauiti Stm,276.1451
2008,Ohaeroa Stm,577.5099
2008,Ohautira Stm,201.1504
2008,Ohinemuri River,665.7736
2008,Ohote Stm,420.7329
2008,Oparau River,86.0667
2008,Opuatia Stm,418.0553
2008,Oraka Stm,853.7361
2008,Otamakokore Stm,424.757
2008,Piako River,955.0379
2008,Piakonui Stm,182.4818
2008,Pokaiwhenua Stm,647.2046
2008,Pueto Stm,162.8187
2008,Puniu River,392.5399
2008,Tahunaatara Stm,293.6408
2008,Tairua River,93.7658
2008,Tapu River,38.9824
2008,Tawarau River,159.6321
2008,Tokaanu Stm,200.8
2008,Torepatutahi Stm,243.95
2008,Waerenga Stm,427.9172
2008,Waihaha River,55.5521
2008,Waihou River,370.1311
2008,Waikato River,168.9123
2008,Waingaro River (Pukemiro),302.8214
2008,Waiohotu Stm,140.6406
2008,Waiomou Stm,238.5645
2008,Waiotapu Stm,657.3557
2008,Waipa River,318.4439
2008,Waipapa Stm (Mokai),521.2744
2008,Waitahanui River,157.7766
2008,Waitakaruru River (Hauraki Plains),293.1721
2008,Waitawhiriwhiri Stm,1090.1199
2008,Waitekauri River,223.4464
2008,Waitetuna River,219.5039
2008,Waitoa River,861.8263
2008,Waitomo Stm,297.6854
2008,Waiwawa River,72.812
2008,Whakapipi Stm,1361.6492
2008,Whakauru Stm,115.0818
2008,Whangamarino River,403.2535
2008,Whangamata Stm (Kinloch),638.9
2008,Whanganui Stm,158.7344
2008,Whangape Stm,457.7806
2008,Wharekawa River,464.5313
2008,Whareroa Stm (Taupo District),350.7188
2008,Whirinaki Stm,322.9167
2008,Tokaanu Power Station Tailrace Canal,61.3333
2008,Mangapouri Stream,774.0659
2008,Waitohu Stream,146.4006
2008,Otaki River,38.3493
2008,Mangaone Stream,766.3941
2008,Ngarara Stream,226.1685
2008,Waikanae River,65.9406
2008,Whareroa Stream,212.7787
2008,Horokiri Stream,185.5766
2008,Pauatahanui Stream,193.819
2008,Porirua Stream,422.1595
2008,Makara Stream,281.8031
2008,Karori Stream,592.8656
2008,Kaiwharawhara Stream,435.0083
2008,Hutt River,105.9678
2008,Pakuratahi River,200.0787
2008,Mangaroa River,240.6211
2008,Akatarawa River,53.9013
2008,Whakatikei River,64.9996
2008,Wainuiomata River,119.8686
2008,Orongorongo River,102.4011
2008,Ruamahanga River,208.6072
2008,Mataikona Trib.,59.6711
2008,Taueru River,239.9662
2008,Kopuaranga River,521.6499
2008,Whangaehu River,321.2608
2008,Waipoua River,243.6827
2008,Waingawa River,77.9551
2008,Whareama River,217.219
2008,Motuwaireka Stream,58.2051
2008,Totara Stream,57.7792
2008,Parkvale Trib.,1306.5318
2008,Parkvale Stream,717.2573
2008,Waiohine River,95.3655
2008,Beef Creek,30.561
2008,Mangatarere Stream,546.24
2008,Huangarua River,168.9675
2008,Tauanui River,30.0765
2008,Awhea River,253.4028
2008,Coles Creek Trib.,174.9021
2008,Tauherenikau River,40.0165
2008,Waiorongomai River,38.752
2008,Esk River,86.4484
2008,Clive river,289.5983
2008,Maraetotara River,220.0423
2008,Tutaekuri River,54.2539
2008,Porangahau River,103.1342
2008,Tukituki River,163.7689
2008,Makaretu Stream,103.9787
2008,Tukipo River,280.4054
2008,Poukawa Stream,225.3691
2008,Mangaorapa Stream,125.3839
2008,Awanui stream,780.3238
2008,Karewarewa stream,895.7423
2008,Mangaone river,135.8787
2008,Mangatarata stream,347.9428
2008,Waipawa river,50.6383
2008,Mangaonuku stream,513.7315
2008,Ngaruroro River,75.6664
2008,Sandy creek,224.3091
2008,Aropaoanui river,102.6625
2008,Mokomokonui river,59.7294
2008,Waiarua stream,133.5952
2008,Kopuawhara stream,59.87
2008,Aniwaniwa stream,22.3438
2008,Ruakituri river,59.2109
2008,Hangaroa river,131.5344
2008,Taurekaitai Stream,252.0738
2008,Waingongoro stream,709.2522
2008,Puhokio stream,341.3191
2008,Porangahau stream,511.1688
2008,Tutaekuri-Waimate stream,110.2771
2008,Waikari River,138.4534
2008,Ripia river,28.8748
2008,Mangakuri Stream,173.4803
2008,Taharua River,841.0189
2008,Waitio stream,117.1093
2008,Mohaka River,79.9812
2008,Taipo,272.7517
2008,Here Here,168.2879
2008,Taharua Stream,287.9433
2008,Mangawhero River,182.5278
2008,Mangaehuehu Stream,60.8536
2008,Makotuku River,174.1234
2008,Arawhata Drain,4029.1335
2008,Hautapu River,90.4714
2008,Patiki Stream,2216.0181
2008,Mangatainoka River,230.5598
2008,Mowhanau Stream,247.3716
2008,Mangatera Stream,457.8447
2008,Manawatu River,419.2709
2008,Oroua River,265.9829
2008,Pongaroa River,343.8704
2008,Porewa Stream,1326.6146
2008,Rangitikei River,333.825
2008,Rangitawa Stream,2644.1957
2008,Tokiahuru Stream,65.4002
2008,Whanganui River,134.3061
2008,Waitangi Stream,88.826
2008,Ohau River,145.6015
2008,Tokomaru River,65.7093
2008,Tamaki River,198.5032
2008,Mangahao River,175.7723
2008,Pohangina River,92.9778
2008,Oroua Tributary,746.3379
2008,Makuri River,286.0923
2008,Oruakeretaki Stream,515.8809
2008,Piakatutu,5496.5909
2008,Owahanga River,472.9994
2008,Tiraumea River,396.4887
2008,Ohura River,261.3317
2008,Makakahi River,326.6614
2008,Mangapapa Stream,404.2875
2008,Mangatoro River,279.4126
2008,Waikawa Stream,331.5963
2008,Mangaore Stream,130.6367
2008,Manakau Stream,304.3743
2008,Mangaatua Stream,286.9005
2008,Ongarue River,178.0935
2008,Hokio Stream,488.395
2008,Tutaenui Stream,3343.283
2008,Kahuterawa Stream,102.4389
2008,Turakina River,169.566
2008,Mangarangiora tributary,564.8138
2008,Makotuku at Raetihi,246.0672
2008,Hoteo,266.3761
2008,Rangitopuni,297.5517
2008,Kawarau,24.4185
2008,Shotover,39.9809
2008,Hurunui,116.8687
2008,Waimakariri,79.9116
2008,Taieri,74.4557
2008,Sutton Stm,64.848
2008,Mataura,308.0162
2008,Oreti,374.0242
2008,Waiau,153.2335
2008,Monowai,15.379
2008,Waipaoa,214.3141
2008,Waikohu,180.7925
2008,Motu,110.9476
2008,Buller,51.5269
2008,Grey,94.6044
2008,Haast,19.7885
2008,Waipa,339.33
2008,Waikato,138.3303
2008,Waihou,455.4109
2008,Ohinemuri,239.1731
2008,Makaroro,35.6065
2008,Tukituki,203.8923
2008,Ngaruroro,53.4084
2008,Mohaka,77.1993
2008,Motueka,81.9173
2008,Wairau,38.9498
2008,Tarawera,114.1251
2008,Rangitaiki,202.8875
2008,Whirinaki,99.4304
2008,Opihi,275.7
2008,Opuha,109.6313
2008,Waitaki,18.6212
2008,Hakataramea,28.6929
2008,Whanganui,148.5697
2008,Tongariro,26.1519
2008,Waitara,208.4707
2008,Manganui,181.087
2008,Waingongoro,621.9998
2008,Rangitikei,86.9616
2008,Manawatu,240.3456
2008,Waitangi,208.8148
2008,Mangakahia,173.7789
2008,Wairua,294.2124
2008,Hutt,62.5301
2008,Ruamahanga,166.4203
2008,Saxton Creek,965.7875
2008,Orphanage Stream,308.1813
2008,Poorman Valley Stream,110.3208
2008,Jenkins Creek,287.2438
2008,York Stream,1175.2271
2008,The Brook,47.7088
2008,Maitai River,19.6125
2008,Sharland Creek,143.6146
2008,Groom Creek,53.8625
2008,Todds Valley,113.9104
2008,Wakapuaka River,42.3514
2008,Lud River,636.7812
2008,Teal River,36.7833
2008,Pritchards Stream,16.1458
2008,Whangamoa River,32.8809
2008,Graham Stream,15.2083
2008,Collins River,36.4458
2008,Dencker Creek,21.6958
2008,Hillwood Valley Creek,132.8283
2008,Waiharakeke River,231.4067
2008,Hatea River,283.3214
2008,Mangahahuru Stream,248.7075
2008,Awanui River,471.7124
2008,Waipapa River,257.7381
2008,Kerikeri River,381.0013
2008,Mangere Stream,636.4164
2008,Waiotu River,338.5293
2008,Whakapara River,316.8637
2008,Kaihu River,253.7234
2008,Opouteke River,125.2714
2008,Kaeo River,146.3741
2008,Waitangi River,304.2778
2008,Ruakaka River,480.0352
2008,Punakitere River,516.2275
2008,Victoria River,45.8989
2008,Waiarohia Stream,234.3012
2008,Waipao River,1245.0337
2008,Paparoa Stream,259.5163
2008,Mangamuka River,79.2563
2008,Oruru River,149.7189
2008,Utakura River,213.0463
2008,Hakaru River,322.5977
2008,Mangakahia River,116.5275
2008,Waimamaku River,135.6371
2008,Ngunguru River,185.2037
2008,Kauru River,49.3889
2008,Kakanui River,120.4466
2008,Waiareka Creek,409.2976
2008,Waianakarua River,55.5
2008,Trotter's Creek,115.6429
2008,Shag River,99.1282
2008,Waikouaiti River,62.8596
2008,Lindsays Creek,441.8571
2008,Water Of Leith,377.5273
2008,Kaikorai Stream,424.8673
2008,Taieri River,99.7621
2008,Kye Burn,120.1667
2008,Main Drain,691.8393
2008,Waipori River,57.5238
2008,Silverstream,173.0952
2008,Tokomairiro West Branch,199.175
2008,Mill Creek,142.3571
2008,Fraser River,31.9405
2008,Pomahaka River,206.9486
2008,Cardrona River,42.7024
2008,Manuherikia River,71.8095
2008,Lindis River,32.4762
2008,Heriot Burn,475.102
2008,Waipahi River,413.6486
2008,Wairuna Stream,900.7742
2008,Manuherikia,135.5085
2008,Waitahuna River,129.3214
2008,Dart River,61.7439
2008,Matukituki River,54.1667
2008,Luggate Creek,28.0476
2008,Hawea River,14.0238
2008,Catlins River,159.2449
2008,Aorere,78.8995
2008,Black Vly,90.8311
2008,Graham,138.2087
2008,Hunters,4.9238
2008,Kaituna,43.8451
2008,Kikiwa,176.675
2008,Lee,12.0241
2008,Little Sydney,225.4839
2008,Mangles,86.8956
2008,Matakitaki,6.1367
2008,Motupiko,24.9685
2008,Motupipi,1447.1287
2008,Murchison Ck,218.3667
2008,Onahau,178.4933
2008,Onekaka,45.8863
2008,Reservoir Ck,44.118
2008,Riwaka,28.1
2008,Roding,94.8013
2008,Sherry,139.6951
2008,Takaka,44.8769
2008,Waimea,183.9042
2008,Wairoa,7.038
2008,Waiwhero,54.77
2008,Wangapeka,36.7569
2008,Powell,1322.6981
2008,Tasman,299.3854
2008,Seaton Vly,192.1933
2008,Winter,164.6467
2008,Mangaehu River,166.7964
2008,Maketawa Stream,266.8124
2008,Mangaoraka Stream,1248.9063
2008,Patea River,247.4039
2008,Punehu Stream,298.2277
2008,Stony River,39.7773
2008,Waingongoro River,421.0298
2008,Waiwhakaiho River,810.0573
2008,Arnold River,52.2303
2008,Baker Creek,154.9256
2008,Berry Creek,195.675
2008,Blackwater Creek,514.4484
2008,Bradshaws Creek,129.5175
2008,Burkes Creek,150.5587
2008,Crooked River,63.5006
2008,Duck Creek,132.1625
2008,Ellis Creek,64.1062
2008,Ford Creek,34.9831
2008,Harris Creek,105.1812
2008,La Fontaine Stream,71.269
2008,Molloy Creek,113.7674
2008,Mawheraiti River,81.7833
2008,Murray Creek,146.1144
2008,Nelson Creek,168.8209
2008,Okutua Creek,23.7656
2008,Orowaiti River,144.0444
2008,Page Stream,39.8157
2008,Poerua River,148.0179
2008,Sawyers Creek,575.0297
2008,Seven Mile Creek,77.5047
2008,Unnamed Creek,427.9975
2008,Vickers Creek,115.1906
2008,Hohonu River,16.29
2008,Orangipuku River,105.5063
2008,Deep Creek,143.3056
2009,Manawatu,472.3134
2009,Takaka,86.0387
2009,Deep Creek,208.2222
2009,Matakana River,128.6834
2009,Mahurangi River,260.5426
2009,Waiwera River,319.6034
2009,West Hoe,76.8056
2009,Okura Creek,405.3611
2009,Vaughans,416.0833
2009,Oteha,286.9861
2009,Lucas,260.8889
2009,Opanuku,156.4666
2009,Oakley,684.8086
2009,Otara Creek,478.1104
2009,Pakuranga Creek,608.9074
2009,Otaki,616.3286
2009,Omaru,482.8508
2009,Wairoa River,401.0238
2009,Wairoa Trib,73.07
2009,Waitangi Stream,554.8746
2009,Puhinui Creek,360.8404
2009,Whangamaire,4513.6564
2009,Ngakaroa,1050.1999
2009,Papakura Stream,1565.8826
2009,Cascade Stream,292.489
2009,Kumeu River,280.9709
2009,Riverhead,152.649
2009,Kaukapakapa,346.0205
2009,Makerau,236.3684
2009,Raukokore River,23.381
2009,Nukuhou River,291.3776
2009,Waimana River,33.7794
2009,Whakatane River,53.8251
2009,Ngongotaha Stream,243.4923
2009,Rangitaiki River,158.7045
2009,Ohau Channel,74.7278
2009,Tarawera River,101.3486
2009,Lake Rotoiti Outlet to Kaituna,66.6359
2009,Kaituna River,169.9132
2009,Pongakawa River,412.5142
2009,Omanawa River,381.4128
2009,Puarenga Stream,314.805
2009,Waitahanui Stream,258.5002
2009,Haparapara,16.9996
2009,Waioeka River,49.5327
2009,Waimapu River,369.291
2009,Kopurererua Stream,373.5113
2009,Te Mania Stream,171.3211
2009,Omarama Stream,127.8071
2009,Willowburn,166.775
2009,Sutherlands Creek,159.3857
2009,Hakataramea River,43.4464
2009,Maerewhenua River,47.1929
2009,Otiake River,24.5381
2009,Penticotico Stream,342.7929
2009,Maryburn,25.55
2009,Otematata River,16.225
2009,Wairepo Creek,46.3524
2009,Cattle Creek,177.9714
2009,Deadman Stream,318.5357
2009,Ashburton River,240.591
2009,Smithfield Creek,1354.1321
2009,Rangitata River,144.0048
2009,Taumatakahu Stream,668.2143
2009,Temuka River,515.5643
2009,Raukapuka Creek,787.8571
2009,Waihi River,46.2143
2009,Tengawai River,266.6036
2009,Saltwater Creek,273.925
2009,Boundary Drain,2624.8286
2009,Petries Drain,1732.8679
2009,Rhodes Stream,3486.675
2009,Waihao River,181.5911
2009,Hae Hae Te Moana,42.1821
2009,Ohapi Creek,395.0143
2009,Buchanans Creek,344.4429
2009,Sir Charles Creek,947.8107
2009,Hook River,813.425
2009,Coopers Creek,487.8393
2009,Taitarakihi Creek,500.9714
2009,Mckinnons Stream,1447.9171
2009,Orari River,376.9821
2009,Forks Stream,18.8036
2009,Irishman Creek,17.9393
2009,Leader River,167.5571
2009,Waipara River,126.9339
2009,Ashley River,110.6143
2009,Taranaki Creek,441.7036
2009,Waikuku Stream,260.9821
2009,Cam River,324.6464
2009,Southbrook Stream,592.7107
2009,Cust River,1466.6107
2009,Ohoka River,1379.7036
2009,South Branch,149.05
2009,Aylmers Valley Stream,189.1839
2009,Kaituna Stream,126.4774
2009,LII Stream,1197.5012
2009,Selwyn River,1188.2471
2009,Waireka River,356.3071
2009,Boggy Creek,1846.7667
2009,Doyleston Drain,1126.0702
2009,Harts Creek,1725.175
2009,Rakaia River,30.8268
2009,Styx River,256.7663
2009,French Farm Stream,925.4036
2009,Halswell River,1043.9762
2009,Okuti River,188.7443
2009,Okana River,169.5957
2009,Conway River,140.2357
2009,Kowhai River,37.6643
2009,Lyell Creek,470.4179
2009,Okarahia Stream,112.6857
2009,Warren Creek,242.4107
2009,Lee River,1099.5321
2009,Waikewai Creek,1270.9071
2009,Middle Creek,621.6929
2009,Te Wharau Stream,181.5878
2009,Hawkins River,820.25
2009,Living Springs Stream,526.3333
2009,Waiau River,117.2361
2009,Mason River,114.4286
2009,Zephyr Stream,100.3102
2009,North Brook UpStream,212.8464
2009,Wainui Stream,501.5464
2009,Takamatua Stream,144.45
2009,Kahutara River,45.8821
2009,Blue Duck Creek,195.1214
2009,Hapuka River,29.7429
2009,Barrys Bay Stream,401.5839
2009,Pawsons Stream,722.1089
2009,Purau Stream,103.4102
2009,Teddington Stream,194.5286
2009,Mararoa River,112.696
2009,Aparima River,447.4221
2009,Pourakino River,475.1329
2009,Otautau Stream,1677.3191
2009,Oreti River,185.4862
2009,Cromel Stream,47.8677
2009,Irthing Stream,520.6018
2009,Winton Stream,1002.6901
2009,Makarewa River,893.1743
2009,Dunsdale Stream,144.2785
2009,Waikiwi Stream,1273.9384
2009,Waihopai River,926.8251
2009,Otepuni Creek,1073.0797
2009,Mataura River,426.7065
2009,Waikaia River,1067.3838
2009,Waikaka Stream,605.2296
2009,Mokoreta River,596.436
2009,Mimihau Stream Tributary,137.2836
2009,Otamita Stream,1018.0149
2009,Waimea Stream,1081.3537
2009,Waituna Creek,738.418
2009,Waikopikopiko Stream,119.9975
2009,Waikawa River,492.9509
2009,Waimatuku Stream,880.3074
2009,Oteramika Stream,980.277
2009,Upukeroa River,97.5513
2009,Mimihau Stream,561.252
2009,Otapiri Stream,416.6005
2009,Bog Burn,1002.9729
2009,Tussock Creek,1260.5704
2009,Opouriki Stream,1725.5101
2009,Mokotua Stream,163.552
2009,Currens Creek,638.7766
2009,Currens Creek Tributary,166.4526
2009,Moffat Creek,411.6518
2009,Orauea River,1066.0654
2009,Whitestone River,158.9563
2009,Tokanui River,430.8825
2009,Longridge Stream,1379.6645
2009,North Peak Stream,512.1428
2009,Sandstone Stream,1911.4582
2009,Waimea Stream tributary,1303.0745
2009,Awakino River,117.508
2009,Awaroa Stm (Rotowaro),283.4797
2009,Awaroa River (Waiuku),584.4269
2009,Hikutaia River,81.5955
2009,Hinemaiaia River,39.408
2009,Kaniwhaniwha Stm,173.731
2009,Karapiro Stm,317.0847
2009,Kauaeranga River,41.2472
2009,Kawaunui Stm,909.6116
2009,Kirikiriroa Stm,517.6974
2009,Komakorau Stm,1093.6355
2009,Kuratau River,127.1007
2009,Little Waipa Stm,740.7611
2009,Mangaharakeke Stm (Atiamuri),201.5483
2009,Mangakara Stm (Reporoa),520.1308
2009,Mangakino Stm (Whakamaru),243.8108
2009,Mangakotukutuku Stm (Rukuhia),605.3597
2009,Mangamingi Stm (Tokoroa),1155.5528
2009,Manganui River,139.5659
2009,Mangaohoi Stm,133.1912
2009,Mangaokewa Stm,238.8415
2009,Mangaone Stm,1032.9267
2009,Mangaonua Stm,501.6223
2009,Mangaotaki River,268.2068
2009,Mangapiko Stm (Pirongia/Te Awamutu),1095.1421
2009,Mangapu River,447.598
2009,Mangatangi River,265.8303
2009,Mangatutu Stm (Waikeria),199.9196
2009,Mangauika Stm,93.1166
2009,Mangawara Stm,777.5232
2009,Mangawhero Stm (Cambridge),951.7103
2009,Mangawhero Stm (Kaihere),147.3614
2009,Mapara Stm (Lake Taupo),314.4612
2009,Marokopa River,149.6121
2009,Matahuru Stm,462.8886
2009,Mokau River,218.4996
2009,Mokauiti Stm,214.9691
2009,Ohaeroa Stm,539.8862
2009,Ohautira Stm,235.1263
2009,Ohinemuri River,329.9744
2009,Ohote Stm,358.9547
2009,Oparau River,74.224
2009,Opuatia Stm,265.5746
2009,Oraka Stm,1149.2147
2009,Otamakokore Stm,370.1707
2009,Piako River,648.7172
2009,Piakonui Stm,137.0766
2009,Pokaiwhenua Stm,693.3929
2009,Pueto Stm,174.0422
2009,Puniu River,335.4086
2009,Tahunaatara Stm,225.2721
2009,Tairua River,45.4644
2009,Tapu River,61.1216
2009,Tawarau River,134.3789
2009,Tokaanu Stm,212.2333
2009,Torepatutahi Stm,241.6167
2009,Waerenga Stm,359.7368
2009,Waihaha River,50.7254
2009,Waihou River,350.8573
2009,Waikato River,145.1527
2009,Waingaro River (Pukemiro),207.4022
2009,Waiohotu Stm,113.1719
2009,Waiomou Stm,243.4237
2009,Waiotapu Stm,629.6482
2009,Waipa River,245.9282
2009,Waipapa Stm (Mokai),521.4032
2009,Waitahanui River,167.1489
2009,Waitakaruru River (Hauraki Plains),231.8343
2009,Waitawhiriwhiri Stm,625.0308
2009,Waitekauri River,99.0313
2009,Waitetuna River,190.4121
2009,Waitoa River,732.5055
2009,Waitomo Stm,250.1142
2009,Waiwawa River,39.5949
2009,Whakapipi Stm,1232.8508
2009,Whakauru Stm,185.0821
2009,Whangamarino River,429.6098
2009,Whangamata Stm (Kinloch),653.7167
2009,Whanganui Stm,143.7797
2009,Whangape Stm,511.5011
2009,Wharekawa River,84.6954
2009,Whareroa Stm (Taupo District),325.25
2009,Whirinaki Stm,315.1
2009,Tokaanu Power Station Tailrace Canal,23.6667
2009,Mangapouri Stream,872.7754
2009,Waitohu Stream,181.9654
2009,Otaki River,55.004
2009,Mangaone Stream,669.0087
2009,Ngarara Stream,412.7258
2009,Waikanae River,53.6921
2009,Whareroa Stream,183.1492
2009,Horokiri Stream,140.7422
2009,Pauatahanui Stream,138.3219
2009,Porirua Stream,488.5462
2009,Makara Stream,145.4686
2009,Karori Stream,615.4212
2009,Kaiwharawhara Stream,420.7946
2009,Hutt River,64.5665
2009,Pakuratahi River,85.5544
2009,Mangaroa River,158.7203
2009,Akatarawa River,35.9897
2009,Whakatikei River,42.8515
2009,Wainuiomata River,101.2923
2009,Orongorongo River,39.8235
2009,Ruamahanga River,144.644
2009,Mataikona Trib.,33.4466
2009,Taueru River,196.2644
2009,Kopuaranga River,352.1353
2009,Whangaehu River,278.1771
2009,Waipoua River,150.6885
2009,Waingawa River,34.3613
2009,Whareama River,261.7479
2009,Motuwaireka Stream,33.1675
2009,Totara Stream,24.0016
2009,Parkvale Trib.,1286.6106
2009,Parkvale Stream,563.977
2009,Waiohine River,65.8649
2009,Beef Creek,22.2748
2009,Mangatarere Stream,430.2752
2009,Huangarua River,102.4722
2009,Tauanui River,21.6293
2009,Awhea River,131.6968
2009,Coles Creek Trib.,38.0826
2009,Tauherenikau River,29.8995
2009,Waiorongomai River,21.6143
2009,Esk River,102.6544
2009,Clive river,160.2553
2009,Maraetotara River,187.99
2009,Tutaekuri River,50.96
2009,Porangahau River,155.9306
2009,Tukituki River,167.4335
2009,Makaretu Stream,127.4286
2009,Tukipo River,249.747
2009,Poukawa Stream,196.7303
2009,Mangaorapa Stream,103.8159
2009,Awanui stream,440.0289
2009,Karewarewa stream,481.8632
2009,Mangaone river,71.1
2009,Mangatarata stream,289.7983
2009,Waipawa river,83.4786
2009,Mangaonuku stream,562.0849
2009,Ngaruroro River,59.5534
2009,Sandy creek,175.0269
2009,Aropaoanui river,66.2094
2009,Mokomokonui river,48.8803
2009,Waiarua stream,135.5425
2009,Kopuawhara stream,38.1288
2009,Aniwaniwa stream,24.8084
2009,Ruakituri river,40.1465
2009,Hangaroa river,45.2854
2009,Taurekaitai Stream,202.2933
2009,Waingongoro stream,536.5841
2009,Puhokio stream,224.0744
2009,Porangahau stream,361.6414
2009,Tutaekuri-Waimate stream,151.0943
2009,Waikari River,87.8583
2009,Ripia river,70.8633
2009,Waitio stream,107.5879
2009,Mangakuri Stream,175.9266
2009,Taharua River,837.3838
2009,Mohaka River,90.7739
2009,Taipo,320.437
2009,Here Here,215.0033
2009,Taharua Stream,305.3664
2009,Mangawhero River,176.3653
2009,Mangaehuehu Stream,32.9091
2009,Arawhata Drain,3283.7578
2009,Hautapu River,268.9366
2009,Patiki Stream,1913.6883
2009,Mangatainoka River,216.642
2009,Mangatera Stream,504.3536
2009,Mowhanau Stream,480.1802
2009,Manawatu River,370.3711
2009,Oroua River,284.363
2009,Porewa Stream,960.6161
2009,Rangitikei River,906.5382
2009,Rangitawa Stream,1466.6
2009,Tokiahuru Stream,60.0253
2009,Whanganui River,201.0899
2009,Ohau River,76.4563
2009,Tokomaru River,56.9146
2009,Tamaki River,116.925
2009,Mangahao River,150.7215
2009,Pohangina River,88.5811
2009,Oroua Tributary,373.65
2009,Makuri River,366.4203
2009,Oruakeretaki Stream,329.1351
2009,Kumeti Stream,226.0916
2009,Piakatutu,1586.3465
2009,Owahanga River,138.3341
2009,Tiraumea River,301.0644
2009,Ohura River,293.1778
2009,Makakahi River,1117.3484
2009,Mangapapa Stream,231.8263
2009,Raparapawai Stream,282.6775
2009,Mangatoro River,300.7839
2009,Waikawa Stream,217.8786
2009,Mangaore Stream,120.3293
2009,Makotuku River,98.9062
2009,Manakau Stream,242.9283
2009,Mangaatua Stream,222.7285
2009,Ongarue River,205.4905
2009,Hokio Stream,365.8081
2009,Tutaenui Stream,1082.5783
2009,Kahuterawa Stream,150.087
2009,Turakina River,581.3946
2009,Mangarangiora tributary,471.5495
2009,Unnamed Tributary of Waipu Str,646.6694
2009,Makotuku at Raetihi,173.2242
2009,Hoteo,151.8221
2009,Rangitopuni,165.9355
2009,Clutha,39.5004
2009,Kawarau,19.8554
2009,Shotover,14.6615
2009,Hurunui,73.6132
2009,Waimakariri,54.5824
2009,Taieri,96.4397
2009,Sutton Stm,99.7466
2009,Mataura,363.9593
2009,Oreti,326.4511
2009,Waiau,140.4427
2009,Monowai,16.305
2009,Waipaoa,292.0093
2009,Waikohu,205.626
2009,Motu,80.1369
2009,Buller,33.05
2009,Grey,51.1104
2009,Haast,13.2439
2009,Waipa,330.2478
2009,Waikato,123.9029
2009,Waihou,429.684
2009,Ohinemuri,169.0033
2009,Makaroro,29.7376
2009,Tukituki,265.3403
2009,Ngaruroro,29.1391
2009,Mohaka,73.8626
2009,Motueka,62.9541
2009,Wairau,35.0514
2009,Tarawera,106.8643
2009,Rangitaiki,213.7397
2009,Whirinaki,55.4722
2009,Opihi,358.3469
2009,Opuha,128.0138
2009,Waitaki,20.9952
2009,Hakataramea,23.5794
2009,Whanganui,131.0101
2009,Tongariro,33.4467
2009,Waitara,176.8583
2009,Manganui,50.1985
2009,Waingongoro,600.5473
2009,Rangitikei,189.8057
2009,Waipapa,30.5718
2009,Waitangi,125.8751
2009,Mangakahia,88.4892
2009,Wairua,155.7969
2009,Hutt,64.3396
2009,Ruamahanga,181.3713
2009,Saxton Creek,751.5496
2009,Orphanage Stream,270.2771
2009,Poorman Valley Stream,62.2711
2009,Jenkins Creek,246.9579
2009,York Stream,377.1609
2009,The Brook,62.3481
2009,Maitai River,44.0338
2009,Sharland Creek,166.343
2009,Groom Creek,127.6678
2009,Todds Valley,69.0143
2009,Wakapuaka River,44.9589
2009,Lud River,157.2777
2009,Teal River,35.8958
2009,Pritchards Stream,33.9688
2009,Whangamoa River,24.41
2009,Graham Stream,17.9435
2009,Collins River,22.7042
2009,Dencker Creek,167.2804
2009,Hillwood Valley Creek,160.82
2009,Waiharakeke River,169.2762
2009,Hatea River,511.8652
2009,Mangahahuru Stream,184.3133
2009,Awanui River,162.3841
2009,Waipapa River,160.1852
2009,Kerikeri River,405.3517
2009,Mangere Stream,420.2551
2009,Waiotu River,214.3163
2009,Whakapara River,176.096
2009,Kaihu River,198.6648
2009,Opouteke River,78.2222
2009,Kaeo River,197.8253
2009,Waitangi River,355.0205
2009,Ruakaka River,368.8673
2009,Punakitere River,314.1207
2009,Victoria River,65.7958
2009,Waiarohia Stream,224.2666
2009,Waipao River,1312.9913
2009,Paparoa Stream,163.314
2009,Mangamuka River,168.7048
2009,Oruru River,142.9699
2009,Utakura River,216.7873
2009,Hakaru River,321.2362
2009,Mangakahia River,112.6438
2009,Waimamaku River,88.4278
2009,Ngunguru River,120.4877
2009,Kauru River,40.0
2009,Kakanui River,88.9333
2009,Waiareka Creek,312.0476
2009,Waianakarua River,97.381
2009,Trotter's Creek,151.9762
2009,Shag River,136.7051
2009,Waikouaiti River,61.8214
2009,Lindsays Creek,281.9405
2009,Water Of Leith,252.6667
2009,Kaikorai Stream,142.3929
2009,Taieri River,61.2608
2009,Kye Burn,47.8857
2009,Main Drain,502.5818
2009,Waipori River,50.5238
2009,Silverstream,150.0714
2009,Tokomairiro West Branch,286.2632
2009,Mill Creek,153.1548
2009,Fraser River,34.8
2009,Pomahaka River,164.1484
2009,Cardrona River,27.1905
2009,Manuherikia River,69.5779
2009,Lindis River,33.131
2009,Crookston Burn,871.9286
2009,Heriot Burn,544.881
2009,Waipahi River,398.0625
2009,Wairuna Stream,711.0446
2009,Manuherikia,52.5618
2009,Waitahuna River,396.0119
2009,Dunstan Creek,24.7778
2009,Dart River,42.3902
2009,Matukituki River,27.8214
2009,Luggate Creek,18.5476
2009,Hawea River,12.5238
2009,Catlins River,134.5714
2009,Aorere,211.0009
2009,Black Vly,103.0554
2009,Graham,5.4628
2009,Hunters,753.2714
2009,Kaituna,118.794
2009,Kikiwa,429.4458
2009,Lee,8.7625
2009,Little Sydney,144.3875
2009,Mangles,62.3558
2009,Matakitaki,6.0083
2009,Motupiko,43.2917
2009,Motupipi,430.8082
2009,Murchison Ck,797.0831
2009,Onahau,197.7194
2009,Onekaka,1081.5709
2009,Reservoir Ck,195.3001
2009,Riwaka,21.7325
2009,Roding,21.3029
2009,Sherry,123.2861
2009,Waimea,125.2535
2009,Wairoa,10.5878
2009,Waiwhero,115.8083
2009,Wangapeka,34.1074
2009,Powell,1795.8919
2009,Tasman,250.0056
2009,Seaton Vly,73.2161
2009,Winter,95.3241
2009,Mangaehu River,194.2752
2009,Maketawa Stream,240.685
2009,Mangaoraka Stream,687.561
2009,Patea River,205.2121
2009,Punehu Stream,320.719
2009,Stony River,26.5097
2009,Waingongoro River,432.801
2009,Waiwhakaiho River,103.8207
2009,Arnold River,39.0627
2009,Baker Creek,246.4065
2009,Berry Creek,99.747
2009,Blackwater Creek,331.8853
2009,Bradshaws Creek,318.327
2009,Burkes Creek,125.1111
2009,Crooked River,33.9404
2009,Duck Creek,216.8704
2009,Ellis Creek,102.4417
2009,Ford Creek,31.7011
2009,Harris Creek,144.9325
2009,La Fontaine Stream,106.2824
2009,Molloy Creek,155.6813
2009,Mawheraiti River,91.6921
2009,Murray Creek,246.3945
2009,Nelson Creek,58.8567
2009,Okutua Creek,25.9696
2009,Orowaiti River,166.072
2009,Page Stream,1.17
2009,Poerua River,76.5988
2009,Sawyers Creek,234.9755
2009,Seven Mile Creek,93.773
2009,Unnamed Creek,310.8561
2009,Vickers Creek,142.0274
2009,Hohonu River,21.6205
2009,Orangipuku River,123.7145
2010,Ohau River,107.0366
2010,Waiau,140.2389
2010,Monowai,14.0996
2010,Waipa,255.8218
2010,Deep Creek,308.6976
2010,Matakana River,236.6111
2010,Mahurangi River,252.0069
2010,Waiwera River,419.2619
2010,West Hoe,40.875
2010,Okura Creek,1273.6111
2010,Vaughans,527.2639
2010,Oteha,253.9167
2010,Lucas,211.4028
2010,Opanuku,207.5556
2010,Oakley,854.3889
2010,Otara Creek,961.6667
2010,Pakuranga Creek,846.1181
2010,Otaki,161808.8194
2010,Omaru,11358.4028
2010,Wairoa River,462.702
2010,Wairoa Trib,77.0556
2010,Waitangi Stream,559.2282
2010,Puhinui Creek,1069.5278
2010,Whangamaire,4913.8472
2010,Ngakaroa,1348.0
2010,Papakura Stream,898.3889
2010,Cascade Stream,53.2574
2010,Kumeu River,423.5556
2010,Riverhead,127.3889
2010,Kaukapakapa,351.5833
2010,Makerau,473.0694
2010,Nukuhou River,298.1277
2010,Whakatane River,72.3035
2010,Ngongotaha Stream,263.1419
2010,Tarawera River,100.5283
2010,Ohau Channel,63.8798
2010,Lake Rotoiti Outlet to Kaituna,56.3237
2010,Pongakawa River,402.4583
2010,Kaituna River,162.8766
2010,Ngamuwahine Stream,68.6321
2010,Omanawa River,363.2802
2010,Puarenga Stream,296.8912
2010,Waitahanui Stream,236.512
2010,Waioeka River,38.6186
2010,Waimapu River,337.4859
2010,Waimapu,270.3566
2010,Uretara Stream,101.2593
2010,Tuapiro Stream,60.6123
2010,Waitao Stream,244.6678
2010,Kopurererua Stream,333.4607
2010,Waipapa,105.5513
2010,Te Mania Stream,146.4384
2010,Aongatete River,112.8396
2010,Waiau Stream,162.9983
2010,Omarama Stream,73.925
2010,Willowburn,283.6857
2010,Sutherlands Creek,97.6786
2010,Hakataramea River,64.6714
2010,Maerewhenua River,163.9286
2010,Otiake River,24.6464
2010,Penticotico Stream,391.4571
2010,Maryburn,42.6571
2010,Otematata River,32.1286
2010,Wairepo Creek,80.3786
2010,Cattle Creek,178.7464
2010,Deadman Stream,430.3214
2010,Ashburton River,285.2662
2010,Smithfield Creek,1432.4302
2010,Rangitata River,139.9932
2010,Taumatakahu Stream,533.9571
2010,Temuka River,557.225
2010,Raukapuka Creek,878.85
2010,Waihi River,53.8536
2010,Tengawai River,232.95
2010,Saltwater Creek,318.8929
2010,Boundary Drain,2699.7179
2010,Petries Drain,1652.8179
2010,Rhodes Stream,2929.8714
2010,Waihao River,158.5625
2010,Hae Hae Te Moana,40.9286
2010,Ohapi Creek,342.3429
2010,Buchanans Creek,367.5214
2010,Sir Charles Creek,961.9143
2010,Hook River,848.1179
2010,Coopers Creek,438.5571
2010,Taitarakihi Creek,473.5857
2010,Mckinnons Stream,1779.3321
2010,Forks Stream,19.7446
2010,Irishman Creek,18.9107
2010,Orari River,390.45
2010,Leader River,133.5679
2010,Waipara River,257.4076
2010,Ashley River,99.9528
2010,Taranaki Creek,577.4286
2010,Waikuku Stream,437.8429
2010,Cam River,490.5696
2010,Southbrook Stream,787.5
2010,Cust River,1557.427
2010,Ohoka River,1394.5365
2010,South Branch,198.2929
2010,Aylmers Valley Stream,197.2
2010,Kaituna Stream,110.7491
2010,LII Stream,1146.0732
2010,Selwyn River,907.8423
2010,Waireka River,214.8036
2010,Boggy Creek,1736.992
2010,Doyleston Drain,1293.5768
2010,Harts Creek,1710.5688
2010,Rakaia River,34.5857
2010,Styx River,313.1153
2010,French Farm Stream,126.05
2010,Halswell River,1075.1431
2010,Okuti River,208.7226
2010,Okana River,219.9917
2010,Conway River,68.9786
2010,Kowhai River,43.3714
2010,Lyell Creek,501.1643
2010,Okarahia Stream,99.5
2010,Warren Creek,235.7571
2010,Lee River,852.0571
2010,Waikewai Creek,1207.6
2010,Middle Creek,769.0179
2010,Te Wharau Stream,226.4636
2010,Hawkins River,705.6408
2010,Living Springs Stream,494.62
2010,Waiau River,90.3695
2010,Mason River,75.5393
2010,Blue Duck Creek,142.0964
2010,Zephyr Stream,132.8771
2010,North Brook UpStream,316.8357
2010,Wainui Stream,162.1786
2010,Takamatua Stream,238.0393
2010,Kahutara River,56.875
2010,Hapuka River,30.6107
2010,Barrys Bay Stream,196.5821
2010,Pawsons Stream,234.1679
2010,Purau Stream,218.2686
2010,Teddington Stream,389.56
2010,Mararoa River,79.7101
2010,Aparima River,396.0045
2010,Pourakino River,257.0462
2010,Otautau Stream,1575.6233
2010,Oreti River,222.9962
2010,Cromel Stream,27.8729
2010,Irthing Stream,618.8284
2010,Winton Stream,1055.1328
2010,Makarewa River,675.8345
2010,Dunsdale Stream,79.5106
2010,Waikiwi Stream,960.0017
2010,Waihopai River,2675.25
2010,Otepuni Creek,822.1107
2010,Mataura River,576.6725
2010,Waikaia River,166.1294
2010,Waikaka Stream,846.7652
2010,Mokoreta River,760.0329
2010,Mimihau Stream Tributary,98.7816
2010,Otamita Stream,432.8177
2010,Waimea Stream,1376.9213
2010,Waituna Creek,647.6143
2010,Waikopikopiko Stream,104.002
2010,Waikawa River,634.8416
2010,Waimatuku Stream,1006.2236
2010,Oteramika Stream,553.5178
2010,Upukeroa River,63.8519
2010,Mimihau Stream,640.7379
2010,Otapiri Stream,470.0406
2010,Bog Burn,504.273
2010,Tussock Creek,1273.5009
2010,Opouriki Stream,1497.0402
2010,Mokotua Stream,126.6468
2010,Currens Creek,363.2822
2010,Currens Creek Tributary,143.1201
2010,Moffat Creek,382.103
2010,Orauea River,619.4738
2010,Whitestone River,161.7882
2010,Tokanui River,1157.2144
2010,Longridge Stream,1040.005
2010,North Peak Stream,664.8645
2010,Sandstone Stream,1979.5429
2010,Waimea Stream tributary,1919.3574
2010,Awakino River,103.5863
2010,Awaroa Stm (Rotowaro),307.2386
2010,Awaroa River (Waiuku),611.7823
2010,Hikutaia River,69.3011
2010,Hinemaiaia River,79.1616
2010,Kaniwhaniwha Stm,157.2994
2010,Karapiro Stm,516.2811
2010,Kauaeranga River,43.8993
2010,Kawaunui Stm,974.4779
2010,Kirikiriroa Stm,534.0393
2010,Komakorau Stm,1026.0912
2010,Kuratau River,162.2015
2010,Little Waipa Stm,551.9376
2010,Mangaharakeke Stm (Atiamuri),232.6203
2010,Mangakara Stm (Reporoa),588.0725
2010,Mangakino Stm (Whakamaru),285.7275
2010,Mangakotukutuku Stm (Rukuhia),1457.7714
2010,Mangamingi Stm (Tokoroa),1205.8621
2010,Manganui River,98.3301
2010,Mangaohoi Stm,144.7435
2010,Mangaokewa Stm,251.1806
2010,Mangaone Stm,1145.4193
2010,Mangaonua Stm,524.7523
2010,Mangaotaki River,289.9135
2010,Mangapiko Stm (Pirongia/Te Awamutu),816.4755
2010,Mangapu River,419.8903
2010,Mangatangi River,217.0454
2010,Mangatutu Stm (Waikeria),170.0035
2010,Mangauika Stm,104.3797
2010,Mangawara Stm,652.6932
2010,Mangawhero Stm (Cambridge),906.7238
2010,Mangawhero Stm (Kaihere),150.4901
2010,Mapara Stm (Lake Taupo),320.6459
2010,Marokopa River,143.0299
2010,Matahuru Stm,389.5886
2010,Mokau River,221.5625
2010,Mokauiti Stm,274.3037
2010,Ohaeroa Stm,632.6732
2010,Ohautira Stm,139.0378
2010,Ohinemuri River,274.6604
2010,Ohote Stm,551.0104
2010,Oparau River,66.7907
2010,Opuatia Stm,358.6897
2010,Oraka Stm,837.8625
2010,Otamakokore Stm,391.6308
2010,Piako River,657.1675
2010,Piakonui Stm,164.9458
2010,Pokaiwhenua Stm,640.4554
2010,Pueto Stm,186.1034
2010,Puniu River,312.9274
2010,Tahunaatara Stm,238.2418
2010,Tairua River,34.0091
2010,Tapu River,22.9784
2010,Tawarau River,134.2756
2010,Tokaanu Stm,212.6333
2010,Torepatutahi Stm,293.9333
2010,Waerenga Stm,427.9575
2010,Waihaha River,60.6963
2010,Waihou River,357.9036
2010,Waikato River,132.9775
2010,Waingaro River (Pukemiro),231.8017
2010,Waiohotu Stm,118.6875
2010,Waiomou Stm,240.0737
2010,Waiotapu Stm,680.4231
2010,Waipa River,225.4344
2010,Waipapa Stm (Mokai),463.7713
2010,Waitahanui River,171.6938
2010,Waitakaruru River (Hauraki Plains),203.9599
2010,Waitawhiriwhiri Stm,757.5211
2010,Waitekauri River,76.5769
2010,Waitetuna River,171.7922
2010,Waitoa River,776.4922
2010,Waitomo Stm,255.5124
2010,Waiwawa River,24.7476
2010,Whakapipi Stm,1505.6593
2010,Whakauru Stm,130.6894
2010,Whangamarino River,374.1793
2010,Whangamata Stm (Kinloch),656.5833
2010,Whanganui Stm,168.1406
2010,Whangape Stm,431.4424
2010,Wharekawa River,48.6531
2010,Whareroa Stm (Taupo District),343.4531
2010,Whirinaki Stm,333.9667
2010,Tokaanu Power Station Tailrace Canal,31.6667
2010,Mangapouri Stream,778.1328
2010,Waitohu Stream,140.0547
2010,Otaki River,30.5312
2010,Mangaone Stream,642.6326
2010,Ngarara Stream,152.6014
2010,Waikanae River,55.0527
2010,Whareroa Stream,406.3218
2010,Horokiri Stream,201.5652
2010,Pauatahanui Stream,259.4627
2010,Porirua Stream,439.2495
2010,Makara Stream,259.1186
2010,Karori Stream,515.6452
2010,Kaiwharawhara Stream,646.9118
2010,Hutt River,75.4014
2010,Pakuratahi River,94.154
2010,Mangaroa River,199.1738
2010,Akatarawa River,48.5579
2010,Whakatikei River,47.7063
2010,Wainuiomata River,59.347
2010,Orongorongo River,32.2716
2010,Ruamahanga River,145.9137
2010,Mataikona Trib.,150.7589
2010,Taueru River,301.6879
2010,Kopuaranga River,416.5519
2010,Whangaehu River,239.6642
2010,Waipoua River,177.7027
2010,Waingawa River,36.6876
2010,Whareama River,205.8001
2010,Motuwaireka Stream,27.6677
2010,Totara Stream,34.2939
2010,Parkvale Trib.,1221.3961
2010,Parkvale Stream,555.2496
2010,Waiohine River,84.1067
2010,Beef Creek,38.6374
2010,Mangatarere Stream,429.9139
2010,Huangarua River,226.6142
2010,Tauanui River,30.0474
2010,Awhea River,161.9302
2010,Coles Creek Trib.,48.8924
2010,Tauherenikau River,31.4175
2010,Waiorongomai River,41.7358
2010,Esk River,79.8754
2010,Clive river,467.2713
2010,Maraetotara River,234.9233
2010,Tutaekuri River,64.9791
2010,Porangahau River,90.9653
2010,Tukituki River,242.8094
2010,Makaretu Stream,117.1838
2010,Tukipo River,439.5092
2010,Poukawa Stream,378.3546
2010,Mangaorapa Stream,60.4912
2010,Awanui stream,642.427
2010,Karewarewa stream,834.1141
2010,Mangaone river,151.1032
2010,Mangatarata stream,405.7756
2010,Waipawa river,90.4733
2010,Mangaonuku stream,527.186
2010,Ngaruroro River,62.3535
2010,Sandy creek,737.3975
2010,Aropaoanui river,253.2328
2010,Mokomokonui river,23.0219
2010,Waiarua stream,163.7548
2010,Kopuawhara stream,125.3828
2010,Aniwaniwa stream,51.5131
2010,Ruakituri river,235.7322
2010,Hangaroa river,530.9141
2010,Taurekaitai Stream,141.5536
2010,Waingongoro stream,478.3616
2010,Puhokio stream,288.6112
2010,Porangahau stream,519.6946
2010,Tutaekuri-Waimate stream,176.1796
2010,Waikari River,923.8494
2010,Ripia river,91.8909
2010,Mangakuri Stream,82.7538
2010,Taharua River,963.7821
2010,Waitio stream,146.0322
2010,Mohaka River,108.8777
2010,Taipo,337.7722
2010,Here Here,403.8403
2010,Taharua Stream,365.5999
2010,Mangawhero River,196.6662
2010,Mangaehuehu Stream,34.1312
2010,Makotuku River,151.9109
2010,Arawhata Drain,3258.2625
2010,Hautapu River,136.1858
2010,Patiki Stream,2004.1188
2010,Mangatainoka River,196.1331
2010,Mangatera Stream,909.2483
2010,Mowhanau Stream,289.8109
2010,Manawatu River,499.3532
2010,Oroua River,333.9592
2010,Pongaroa River,101.3229
2010,Porewa Stream,259.5795
2010,Rangitikei River,212.6365
2010,Rangitawa Stream,264.1163
2010,Tokiahuru Stream,52.1067
2010,Whanganui River,132.4428
2010,Tokomaru River,54.1368
2010,Tamaki River,292.7737
2010,Mangahao River,89.5896
2010,Pohangina River,71.6557
2010,Oroua Tributary,448.5389
2010,Makuri River,316.8159
2010,Oruakeretaki Stream,712.9087
2010,Kumeti Stream,468.7054
2010,Piakatutu,2040.0896
2010,Owahanga River,410.6628
2010,Tiraumea River,438.3748
2010,Ohura River,245.5815
2010,Makakahi River,210.2432
2010,Mangapapa Stream,489.6578
2010,Raparapawai Stream,538.086
2010,Mangatoro River,684.8004
2010,Waikawa Stream,198.1638
2010,Mangaore Stream,126.3632
2010,Manakau Stream,272.0896
2010,Mangaatua Stream,300.7027
2010,Ongarue River,309.051
2010,Hokio Stream,369.3045
2010,Tutaenui Stream,369.2888
2010,Kahuterawa Stream,89.8298
2010,Turakina River,191.8184
2010,Mangarangiora tributary,921.38
2010,Unnamed Tributary of Waipu Str,1301.8373
2010,Makotuku at Raetihi,183.1724
2010,Hoteo,136.5297
2010,Rangitopuni,152.4879
2010,Clutha,32.84
2010,Kawarau,28.361
2010,Shotover,62.9341
2010,Hurunui,104.7948
2010,Waimakariri,48.241
2010,Taieri,105.5065
2010,Sutton Stm,98.5202
2010,Mataura,292.9144
2010,Oreti,316.2592
2010,Waipaoa,151.901
2010,Waikohu,173.232
2010,Motu,114.866
2010,Buller,34.8395
2010,Grey,50.2892
2010,Haast,14.7193
2010,Waikato,116.3957
2010,Waihou,439.1826
2010,Ohinemuri,206.4857
2010,Makaroro,54.459
2010,Tukituki,370.8935
2010,Ngaruroro,43.5169
2010,Mohaka,119.1644
2010,Motueka,62.5533
2010,Wairau,36.1122
2010,Tarawera,118.9401
2010,Rangitaiki,231.4861
2010,Whirinaki,57.776
2010,Opihi,317.9139
2010,Opuha,139.2395
2010,Waitaki,28.8635
2010,Hakataramea,104.0446
2010,Whanganui,202.3064
2010,Tongariro,30.1234
2010,Waitara,265.3163
2010,Manganui,58.1484
2010,Waingongoro,581.1671
2010,Rangitikei,114.2041
2010,Manawatu,330.6954
2010,Waitangi,207.0497
2010,Mangakahia,165.3021
2010,Wairua,296.204
2010,Hutt,65.3129
2010,Ruamahanga,161.5106
2010,Saxton Creek,445.4069
2010,Orphanage Stream,316.5536
2010,Poorman Valley Stream,96.4263
2010,Jenkins Creek,244.9362
2010,York Stream,1102.5241
2010,The Brook,79.7514
2010,Maitai River,38.5983
2010,Sharland Creek,278.9946
2010,Groom Creek,239.1641
2010,Todds Valley,93.8
2010,Wakapuaka River,116.1553
2010,Lud River,3240.9845
2010,Teal River,46.0603
2010,Pritchards Stream,11.3517
2010,Whangamoa River,34.8448
2010,Graham Stream,13.8821
2010,Collins River,43.1721
2010,Dencker Creek,56.5052
2010,Hillwood Valley Creek,369.0214
2010,Waiharakeke River,212.5336
2010,Hatea River,353.7531
2010,Mangahahuru Stream,290.3003
2010,Awanui River,93.6984
2010,Kerikeri River,344.3706
2010,Waipapa River,183.6777
2010,Mangere Stream,630.1463
2010,Waiotu River,426.2071
2010,Whakapara River,237.5706
2010,Kaihu River,262.8295
2010,Opouteke River,139.6882
2010,Kaeo River,397.7049
2010,Waitangi River,296.3763
2010,Ruakaka River,493.0187
2010,Punakitere River,334.2851
2010,Victoria River,40.4943
2010,Waiarohia Stream,296.2663
2010,Waipao River,1281.0614
2010,Paparoa Stream,247.5028
2010,Mangamuka River,82.7951
2010,Oruru River,94.2512
2010,Hakaru River,267.0345
2010,Utakura River,210.8889
2010,Mangakahia River,123.021
2010,Waimamaku River,134.0083
2010,Ngunguru River,175.2196
2010,Kauru River,34.8784
2010,Kakanui River,107.1456
2010,Waiareka Creek,319.25
2010,Waianakarua River,100.3778
2010,Trotter's Creek,88.4286
2010,Shag River,137.0461
2010,Waikouaiti River,52.8922
2010,Lindsays Creek,523.0417
2010,Water Of Leith,197.2714
2010,Kaikorai Stream,212.4
2010,Taieri River,69.5587
2010,Kye Burn,72.9167
2010,Main Drain,661.0254
2010,Waipori River,55.1286
2010,Silverstream,212.4079
2010,Tokomairiro West Branch,132.4667
2010,Mill Creek,142.825
2010,Fraser River,31.0244
2010,Pomahaka River,241.0873
2010,Cardrona River,39.5625
2010,Manuherikia River,143.3244
2010,Lindis River,44.8625
2010,Crookston Burn,617.2619
2010,Heriot Burn,1037.9265
2010,Waipahi River,568.3456
2010,Manuherikia,109.2096
2010,Waitahuna River,156.5366
2010,Dunstan Creek,45.536
2010,Dart River,34.925
2010,Matukituki River,26.1
2010,Luggate Creek,23.15
2010,Hawea River,12.8
2010,Catlins River,174.458
2010,Aorere,76.5676
2010,Black Vly,111.94
2010,Graham,7.375
2010,Hunters,2.9214
2010,Kaituna,62.4395
2010,Kikiwa,106.8262
2010,Lee,16.3771
2010,Little Sydney,148.3712
2010,Mangles,50.2365
2010,Matakitaki,7.5512
2010,Motupiko,25.7658
2010,Motupipi,660.3337
2010,Murchison Ck,1354.8173
2010,Onahau,165.2049
2010,Onekaka,45.2412
2010,Reservoir Ck,493.7883
2010,Riwaka,30.7525
2010,Roding,42.4455
2010,Sherry,88.4761
2010,Takaka,38.7894
2010,Waimea,142.2622
2010,Wairoa,30.6993
2010,Waiwhero,91.2214
2010,Wangapeka,48.7663
2010,Powell,995.3079
2010,Tasman,333.5676
2010,Seaton Vly,345.4792
2010,Winter,136.75
2010,Mangaehu River,78.9315
2010,Maketawa Stream,182.9918
2010,Mangaoraka Stream,541.6733
2010,Patea River,212.2283
2010,Punehu Stream,232.6106
2010,Stony River,20.672
2010,Waingongoro River,370.1471
2010,Waiwhakaiho River,94.1692
2010,Arnold River,72.2411
2010,Baker Creek,120.2324
2010,Berry Creek,100.9664
2010,Blackwater Creek,710.0915
2010,Bradshaws Creek,1017.945
2010,Burkes Creek,191.7782
2010,Crooked River,40.0399
2010,Duck Creek,277.6346
2010,Ellis Creek,138.1229
2010,Ford Creek,40.6582
2010,Harris Creek,205.743
2010,La Fontaine Stream,135.0362
2010,Molloy Creek,195.8643
2010,Mawheraiti River,138.6646
2010,Murray Creek,232.5668
2010,Nelson Creek,61.9129
2010,Okutua Creek,41.0379
2010,Orowaiti River,69.5044
2010,Page Stream,1.9525
2010,Poerua River,75.7693
2010,Sawyers Creek,200.6545
2010,Seven Mile Creek,90.0877
2010,Unnamed Creek,285.9786
2010,Vickers Creek,146.2407
2010,Hohonu River,26.0179
2010,Orangipuku River,125.3486
2011,Cromel Stream,24.8386
2011,Ohinemuri River,324.9509
2011,Makuri River,329.6383
2011,Manawatu,365.1728
2011,Deep Creek,236.2165
2011,Matakana River,229.0345
2011,Mahurangi River,356.9609
2011,Waiwera River,387.3208
2011,West Hoe,117.3793
2011,Okura Creek,361.0
2011,Vaughans,313.8793
2011,Oteha,331.0172
2011,Lucas,253.9828
2011,Opanuku,185.1379
2011,Oakley,873.1207
2011,Otara Creek,656.5172
2011,Pakuranga Creek,1693.7759
2011,Otaki,1469.7414
2011,Omaru,648.4
2011,Wairoa River,326.075
2011,Wairoa Trib,116.9655
2011,Waitangi Stream,663.4398
2011,Puhinui Creek,397.8621
2011,Whangamaire,5668.1207
2011,Ngakaroa,1280.9828
2011,Papakura Stream,539.9483
2011,Cascade Stream,56.2283
2011,Kumeu River,332.6897
2011,Riverhead,110.8793
2011,Kaukapakapa,332.7241
2011,Makerau,414.569
2011,Raukokore River,337.7606
2011,Nukuhou River,302.8293
2011,Waimana River,63.1194
2011,Whakatane River,68.6303
2011,Ngongotaha Stream,381.2935
2011,Rangitaiki River,236.8404
2011,Tarawera River,110.4293
2011,Ohau Channel,89.5467
2011,Lake Rotoiti Outlet to Kaituna,64.8605
2011,Kaituna River,181.3643
2011,Ngamuwahine Stream,202.1379
2011,Omanawa River,484.1228
2011,Puarenga Stream,318.2799
2011,Haparapara,62.113
2011,Waioeka River,47.9646
2011,Waimapu River,485.9331
2011,Waimapu,323.685
2011,Uretara Stream,169.09
2011,Tuapiro Stream,90.1907
2011,Waitao Stream,348.9948
2011,Kopurererua Stream,474.542
2011,Waipapa,96.5915
2011,Te Mania Stream,251.0143
2011,Aongatete River,163.4279
2011,Waiau Stream,192.4763
2011,Omarama Stream,81.963
2011,Willowburn,235.6667
2011,Sutherlands Creek,70.563
2011,Hakataramea River,29.5148
2011,Maerewhenua River,77.7296
2011,Otiake River,21.23
2011,Penticotico Stream,323.3
2011,Maryburn,64.5312
2011,Otematata River,16.863
2011,Wairepo Creek,43.6963
2011,Cattle Creek,84.0407
2011,Deadman Stream,381.6926
2011,Ashburton River,220.0479
2011,Rangitata River,94.7346
2011,Smithfield Creek,1167.6074
2011,Taumatakahu Stream,570.7346
2011,Temuka River,450.6207
2011,Raukapuka Creek,570.3577
2011,Waihi River,68.9308
2011,Tengawai River,122.7654
2011,Saltwater Creek,449.4547
2011,Boundary Drain,2988.8074
2011,Petries Drain,1777.0922
2011,Rhodes Stream,3254.8255
2011,Waihao River,115.8789
2011,Hae Hae Te Moana,78.4655
2011,Ohapi Creek,634.5481
2011,Buchanans Creek,269.9385
2011,Sir Charles Creek,1023.737
2011,Hook River,588.5333
2011,Coopers Creek,557.3154
2011,Taitarakihi Creek,589.145
2011,Mckinnons Stream,1535.6444
2011,Forks Stream,38.2463
2011,Irishman Creek,81.0778
2011,Orari River,452.4724
2011,Leader River,88.3038
2011,Waipara River,86.5671
2011,Ashley River,54.8193
2011,Taranaki Creek,402.4952
2011,Waikuku Stream,203.7905
2011,Cam River,344.2427
2011,Southbrook Stream,611.2462
2011,Cust River,1322.7576
2011,Ohoka River,1444.9339
2011,South Branch,198.5115
2011,Aylmers Valley Stream,121.8423
2011,Kaituna Stream,149.7932
2011,LII Stream,1317.4151
2011,Selwyn River,1336.1885
2011,Waireka River,320.4
2011,Boggy Creek,1796.8192
2011,Doyleston Drain,1159.7068
2011,Harts Creek,2036.463
2011,Rakaia River,34.6909
2011,French Farm Stream,108.3731
2011,Styx River,336.569
2011,Halswell River,1263.863
2011,Okuti River,299.3947
2011,Okana River,293.5724
2011,Conway River,125.3895
2011,Kowhai River,51.0148
2011,Lyell Creek,425.2056
2011,Okarahia Stream,103.6037
2011,Warren Creek,121.9667
2011,Lee River,1144.7808
2011,Waikewai Creek,1505.6385
2011,Middle Creek,572.1296
2011,Te Wharau Stream,236.7552
2011,Hawkins River,567.0577
2011,Living Springs Stream,265.5385
2011,Waiau River,77.7794
2011,Mason River,62.4345
2011,Zephyr Stream,102.7923
2011,North Brook UpStream,283.9692
2011,Wainui Stream,167.5077
2011,Takamatua Stream,142.1885
2011,Kahutara River,79.8222
2011,Blue Duck Creek,219.8222
2011,Hapuka River,55.0778
2011,Barrys Bay Stream,258.2538
2011,Pawsons Stream,301.4654
2011,Purau Stream,95.9231
2011,Teddington Stream,262.8692
2011,Mararoa River,87.8711
2011,Aparima River,370.4186
2011,Pourakino River,142.4865
2011,Otautau Stream,858.144
2011,Oreti River,172.4542
2011,Irthing Stream,410.3888
2011,Winton Stream,600.1612
2011,Makarewa River,540.7287
2011,Dunsdale Stream,81.2408
2011,Waikiwi Stream,1358.8547
2011,Waihopai River,865.927
2011,Otepuni Creek,916.4143
2011,Mataura River,445.3301
2011,Waikaia River,152.064
2011,Waikaka Stream,1528.3631
2011,Mokoreta River,799.8754
2011,Mimihau Stream Tributary,91.798
2011,Otamita Stream,394.9273
2011,Waimea Stream,983.8513
2011,Waituna Creek,971.2211
2011,Waikopikopiko Stream,125.1106
2011,Waikawa River,596.5527
2011,Waimatuku Stream,985.2865
2011,Oteramika Stream,937.6889
2011,Upukeroa River,71.6786
2011,Mimihau Stream,514.2491
2011,Otapiri Stream,403.9734
2011,Bog Burn,756.4669
2011,Tussock Creek,1681.4622
2011,Opouriki Stream,953.8519
2011,Mokotua Stream,132.3384
2011,Currens Creek,804.0456
2011,Currens Creek Tributary,145.2678
2011,Moffat Creek,637.7914
2011,Orauea River,611.3225
2011,Whitestone River,155.6077
2011,Tokanui River,883.6957
2011,Longridge Stream,2114.5635
2011,North Peak Stream,394.7662
2011,Sandstone Stream,895.0619
2011,Waimea Stream tributary,335.3997
2011,Awakino River,151.7638
2011,Awaroa Stm (Rotowaro),343.7076
2011,Awaroa River (Waiuku),770.0936
2011,Hikutaia River,50.2556
2011,Hinemaiaia River,52.5725
2011,Kaniwhaniwha Stm,229.2349
2011,Karapiro Stm,456.8258
2011,Kauaeranga River,43.9271
2011,Kawaunui Stm,1023.0733
2011,Kirikiriroa Stm,559.9352
2011,Komakorau Stm,1042.6646
2011,Kuratau River,163.4026
2011,Little Waipa Stm,628.2593
2011,Mangaharakeke Stm (Atiamuri),297.8799
2011,Mangakara Stm (Reporoa),552.3493
2011,Mangakino Stm (Whakamaru),256.6925
2011,Mangakotukutuku Stm (Rukuhia),1029.7104
2011,Mangamingi Stm (Tokoroa),1127.6866
2011,Manganui River,231.0101
2011,Mangaohoi Stm,131.5129
2011,Mangaokewa Stm,268.6473
2011,Mangaone Stm,1018.3178
2011,Mangaonua Stm,556.9947
2011,Mangaotaki River,284.8232
2011,Mangapiko Stm (Pirongia/Te Awamutu),788.9382
2011,Mangapu River,494.4633
2011,Mangatangi River,217.4853
2011,Mangatutu Stm (Waikeria),261.7293
2011,Mangauika Stm,97.742
2011,Mangawara Stm,677.4245
2011,Mangawhero Stm (Cambridge),1078.3025
2011,Mangawhero Stm (Kaihere),198.9145
2011,Mapara Stm (Lake Taupo),347.1465
2011,Marokopa River,137.4596
2011,Matahuru Stm,428.051
2011,Mokau River,261.8937
2011,Mokauiti Stm,431.6277
2011,Ohaeroa Stm,610.5964
2011,Ohautira Stm,165.3537
2011,Ohote Stm,405.9751
2011,Oparau River,83.8878
2011,Opuatia Stm,368.3591
2011,Oraka Stm,799.7861
2011,Otamakokore Stm,470.4551
2011,Piako River,796.8915
2011,Piakonui Stm,148.2887
2011,Pokaiwhenua Stm,680.0733
2011,Pueto Stm,200.0447
2011,Puniu River,393.3131
2011,Tahunaatara Stm,298.4783
2011,Tairua River,32.066
2011,Tapu River,24.7873
2011,Tawarau River,144.8899
2011,Tokaanu Stm,236.4333
2011,Torepatutahi Stm,329.1167
2011,Waerenga Stm,394.7603
2011,Waihaha River,58.3557
2011,Waihou River,380.7395
2011,Waikato River,131.8177
2011,Waingaro River (Pukemiro),222.4261
2011,Waiohotu Stm,122.2344
2011,Waiomou Stm,270.6717
2011,Waiotapu Stm,787.6012
2011,Waipa River,274.0616
2011,Waipapa Stm (Mokai),526.0437
2011,Waitahanui River,171.0942
2011,Waitakaruru River (Hauraki Plains),255.5267
2011,Waitawhiriwhiri Stm,1040.5339
2011,Waitekauri River,101.5591
2011,Waitetuna River,248.1959
2011,Waitoa River,826.8896
2011,Waitomo Stm,287.662
2011,Waiwawa River,34.0967
2011,Whakapipi Stm,1476.6966
2011,Whakauru Stm,230.6343
2011,Whangamarino River,393.7684
2011,Whangamata Stm (Kinloch),718.0667
2011,Whanganui Stm,157.9375
2011,Whangape Stm,459.5565
2011,Wharekawa River,51.037
2011,Whareroa Stm (Taupo District),355.3125
2011,Whirinaki Stm,361.1667
2011,Tokaanu Power Station Tailrace Canal,36.3
2011,Mangapouri Stream,1073.1723
2011,Waitohu Stream,208.9736
2011,Otaki River,33.565
2011,Mangaone Stream,756.0761
2011,Ngarara Stream,297.2971
2011,Waikanae River,81.9645
2011,Whareroa Stream,263.234
2011,Horokiri Stream,321.5305
2011,Pauatahanui Stream,269.1267
2011,Porirua Stream,358.5492
2011,Makara Stream,195.7518
2011,Karori Stream,664.7505
2011,Kaiwharawhara Stream,446.5145
2011,Hutt River,135.1618
2011,Pakuratahi River,92.2318
2011,Mangaroa River,273.7982
2011,Akatarawa River,47.9735
2011,Whakatikei River,82.118
2011,Wainuiomata River,80.1127
2011,Orongorongo River,94.0972
2011,Ruamahanga River,171.8662
2011,Mataikona Trib.,42.9546
2011,Taueru River,195.8971
2011,Kopuaranga River,565.7173
2011,Whangaehu River,249.5939
2011,Waipoua River,148.3887
2011,Waingawa River,37.0588
2011,Whareama River,159.572
2011,Motuwaireka Stream,21.0968
2011,Totara Stream,43.0125
2011,Parkvale Trib.,1129.6014
2011,Parkvale Stream,890.6613
2011,Waiohine River,82.9959
2011,Beef Creek,24.4052
2011,Mangatarere Stream,419.3067
2011,Huangarua River,106.0031
2011,Tauanui River,21.1702
2011,Awhea River,93.1298
2011,Coles Creek Trib.,46.1035
2011,Tauherenikau River,33.8949
2011,Waiorongomai River,25.537
2011,Esk River,123.114
2011,Clive river,565.2884
2011,Maraetotara River,258.167
2011,Tutaekuri River,70.3967
2011,Porangahau River,107.6915
2011,Tukituki River,296.4026
2011,Makaretu Stream,92.349
2011,Tukipo River,342.0329
2011,Poukawa Stream,347.2181
2011,Mangaorapa Stream,161.6014
2011,Awanui stream,868.497
2011,Karewarewa stream,812.5032
2011,Mangaone river,227.8598
2011,Mangatarata stream,459.0129
2011,Waipawa river,61.1466
2011,Mangaonuku stream,550.4344
2011,Ngaruroro River,64.4399
2011,Sandy creek,289.2238
2011,Aropaoanui river,103.2644
2011,Mokomokonui river,45.1437
2011,Waiarua stream,160.5181
2011,Kopuawhara stream,346.2646
2011,Aniwaniwa stream,69.2036
2011,Ruakituri river,505.66
2011,Hangaroa river,992.5214
2011,Taurekaitai Stream,218.7981
2011,Waingongoro stream,622.0357
2011,Puhokio stream,423.4339
2011,Porangahau stream,494.6643
2011,Tutaekuri-Waimate stream,170.4711
2011,Waikari River,188.9433
2011,Ripia river,99.5004
2011,Mangakuri Stream,116.0419
2011,Taharua River,1109.8714
2011,Waitio stream,154.6156
2011,Mohaka River,119.1347
2011,Taipo,567.8862
2011,Here Here,819.3413
2011,Taharua Stream,394.6846
2011,Mangawhero River,131.3313
2011,Mangaehuehu Stream,50.1618
2011,Makotuku River,167.2364
2011,Arawhata Drain,3039.2857
2011,Hautapu River,463.9633
2011,Mangatainoka River,258.3039
2011,Mangatera Stream,432.2729
2011,Mowhanau Stream,323.3537
2011,Manawatu River,438.6219
2011,Oroua River,624.8528
2011,Pongaroa River,238.7394
2011,Porewa Stream,1155.9056
2011,Rangitikei River,314.4799
2011,Rangitawa Stream,1784.7513
2011,Tokiahuru Stream,65.6466
2011,Whanganui River,151.976
2011,Ohau River,268.3982
2011,Tokomaru River,106.4943
2011,Tamaki River,145.0792
2011,Mangahao River,372.1951
2011,Pohangina River,48.9699
2011,Oroua Tributary,447.9404
2011,Oruakeretaki Stream,352.6437
2011,Kumeti Stream,198.0582
2011,Piakatutu,1909.6523
2011,Owahanga River,181.5827
2011,Tiraumea River,337.4385
2011,Ohura River,246.6571
2011,Makakahi River,329.053
2011,Mangapapa Stream,268.3383
2011,Raparapawai Stream,229.2858
2011,Mangatoro River,235.6771
2011,Waikawa Stream,291.4825
2011,Mangaore Stream,213.3565
2011,Manakau Stream,342.7815
2011,Mangaatua Stream,537.1802
2011,Ongarue River,219.9131
2011,Hokio Stream,525.0429
2011,Tutaenui Stream,2127.4005
2011,Kahuterawa Stream,95.6446
2011,Turakina River,1046.5627
2011,Mangarangiora tributary,462.1511
2011,Unnamed Tributary of Waipu Str,2150.8024
2011,Makotuku at Raetihi,178.1133
2011,Hoteo,180.7738
2011,Rangitopuni,266.7248
2011,Clutha,54.7545
2011,Kawarau,24.0339
2011,Shotover,23.0793
2011,Hurunui,71.3708
2011,Waimakariri,53.4083
2011,Taieri,111.9215
2011,Sutton Stm,79.8557
2011,Mataura,421.2641
2011,Oreti,349.0746
2011,Waiau,134.342
2011,Monowai,14.0979
2011,Waipaoa,514.879
2011,Waikohu,526.1585
2011,Motu,176.9244
2011,Buller,50.2418
2011,Grey,83.6405
2011,Haast,15.8025
2011,Waipa,311.5503
2011,Waikato,141.926
2011,Waihou,487.9519
2011,Ohinemuri,216.8627
2011,Makaroro,29.1392
2011,Tukituki,285.2364
2011,Ngaruroro,41.6284
2011,Mohaka,90.4205
2011,Motueka,65.3145
2011,Wairau,28.1359
2011,Tarawera,157.777
2011,Rangitaiki,293.6464
2011,Whirinaki,90.3653
2011,Opihi,275.4532
2011,Opuha,97.3944
2011,Waitaki,25.1332
2011,Hakataramea,52.3862
2011,Whanganui,154.4601
2011,Tongariro,31.2397
2011,Waitara,610.0801
2011,Manganui,69.9697
2011,Waingongoro,717.1467
2011,Rangitikei,116.3268
2011,Waitangi,134.0834
2011,Mangakahia,98.2385
2011,Wairua,410.027
2011,Hutt,75.4248
2011,Ruamahanga,137.4114
2011,Saxton Creek,446.4478
2011,Orphanage Stream,171.4217
2011,Poorman Valley Stream,82.5432
2011,Jenkins Creek,268.8652
2011,York Stream,379.8524
2011,The Brook,88.0398
2011,Maitai River,34.337
2011,Sharland Creek,187.563
2011,Groom Creek,456.7152
2011,Todds Valley,98.7
2011,Wakapuaka River,41.942
2011,Lud River,151.125
2011,Teal River,44.9826
2011,Pritchards Stream,14.1087
2011,Whangamoa River,25.9652
2011,Graham Stream,16.1957
2011,Collins River,38.0682
2011,Dencker Creek,30.7136
2011,Hillwood Valley Creek,107.9455
2011,Waiharakeke River,150.8594
2011,Hatea River,375.2452
2011,Mangahahuru Stream,333.9755
2011,Awanui River,347.1721
2011,Waipapa River,251.5781
2011,Kerikeri River,775.1302
2011,Mangere Stream,733.0389
2011,Waiotu River,239.9167
2011,Whakapara River,327.4474
2011,Kaihu River,403.5298
2011,Opouteke River,103.3094
2011,Kaeo River,194.7518
2011,Waitangi River,331.7781
2011,Ruakaka River,573.8001
2011,Punakitere River,274.7808
2011,Victoria River,125.3692
2011,Waiarohia Stream,314.5606
2011,Waipao River,1356.0856
2011,Paparoa Stream,196.9049
2011,Utakura River,376.5705
2011,Mangamuka River,142.6833
2011,Oruru River,290.9279
2011,Hakaru River,378.0431
2011,Mangakahia River,144.1749
2011,Waimamaku River,178.8743
2011,Ngunguru River,294.5496
2011,Kauru River,57.5
2011,Kakanui River,187.0602
2011,Waiareka Creek,429.4737
2011,Waianakarua River,57.5526
2011,Trotter's Creek,210.5
2011,Shag River,86.5132
2011,Waikouaiti River,91.8605
2011,Lindsays Creek,504.5
2011,Water Of Leith,432.1136
2011,Kaikorai Stream,441.8182
2011,Taieri River,130.9363
2011,Kye Burn,77.9524
2011,Main Drain,807.4333
2011,Waipori River,82.3977
2011,Silverstream,178.375
2011,Tokomairiro West Branch,286.1
2011,Mill Creek,223.1944
2011,Fraser River,48.1944
2011,Pomahaka River,271.0167
2011,Cardrona River,37.2857
2011,Manuherikia River,122.8611
2011,Lindis River,38.4722
2011,Crookston Burn,921.0
2011,Heriot Burn,736.8
2011,Waipahi River,519.1
2011,Wairuna Stream,810.1667
2011,Manuherikia,82.5
2011,Waitahuna River,354.0
2011,Dunstan Creek,75.5
2011,Dart River,168.0556
2011,Matukituki River,38.2778
2011,Luggate Creek,81.4444
2011,Hawea River,20.8056
2011,Catlins River,357.9333
2011,Aorere,173.4187
2011,Black Vly,125.6677
2011,Graham,12.186
2011,Hunters,10.05
2011,Kaituna,23.2228
2011,Kikiwa,80.2188
2011,Lee,8.3117
2011,Little Sydney,219.8944
2011,Mangles,37.896
2011,Matakitaki,3.6662
2011,Motupiko,19.6438
2011,Motupipi,523.0395
2011,Murchison Ck,157.7564
2011,Onahau,75.2681
2011,Onekaka,25.2053
2011,Reservoir Ck,63.7185
2011,Riwaka,27.5685
2011,Roding,27.391
2011,Sherry,34.4965
2011,Takaka,61.7026
2011,Waimea,185.0252
2011,Wairoa,7.045
2011,Waiwhero,70.9131
2011,Wangapeka,55.9212
2011,Powell,657.2115
2011,Tasman,277.6736
2011,Seaton Vly,168.4414
2011,Winter,60.5609
2011,Mangaehu River,180.1982
2011,Maketawa Stream,266.7597
2011,Mangaoraka Stream,553.5569
2011,Patea River,267.7541
2011,Punehu Stream,248.9551
2011,Stony River,39.8532
2011,Waingongoro River,435.4147
2011,Waiwhakaiho River,237.2214
2011,Arnold River,52.7683
2011,Baker Creek,83.452
2011,Berry Creek,102.3489
2011,Blackwater Creek,800.7229
2011,Bradshaws Creek,519.1818
2011,Burkes Creek,213.6061
2011,Crooked River,36.9151
2011,Duck Creek,278.4
2011,Ellis Creek,150.6664
2011,Ford Creek,57.0389
2011,Harris Creek,139.3883
2011,La Fontaine Stream,131.6009
2011,Molloy Creek,184.6312
2011,Mawheraiti River,141.2946
2011,Murray Creek,196.3786
2011,Nelson Creek,76.4785
2011,Okutua Creek,38.7754
2011,Orowaiti River,133.9064
2011,Page Stream,2.455
2011,Poerua River,82.0386
2011,Sawyers Creek,669.87
2011,Seven Mile Creek,67.8786
2011,Unnamed Creek,234.26
2011,Vickers Creek,138.0804
2011,Hohonu River,28.4997
2011,Orangipuku River,120.1027
2012,Puarenga Stream,295.2154
2012,Aparima River,302.9807
2012,Waikaka Stream,474.7778
2012,Waiohine River,83.4872
2012,Deep Creek,235.4527
2012,Matakana River,218.6958
2012,Mahurangi River,262.5979
2012,Waiwera River,473.4546
2012,West Hoe,35.9229
2012,Okura Creek,364.8571
2012,Vaughans,273.031
2012,Oteha,377.0423
2012,Lucas,186.3694
2012,Opanuku,205.862
2012,Oakley,875.8857
2012,Otara Creek,1245.9648
2012,Pakuranga Creek,999.1259
2012,Otaki,1082.1528
2012,Omaru,582.9533
2012,Wairoa River,254.6189
2012,Wairoa Trib,187.7908
2012,Waitangi Stream,489.3345
2012,Puhinui Creek,500.9479
2012,Whangamaire,4415.038
2012,Ngakaroa,979.0913
2012,Papakura Stream,1489.7042
2012,Cascade Stream,42.2416
2012,Kumeu River,309.1556
2012,Riverhead,91.2521
2012,Kaukapakapa,348.1775
2012,Makerau,309.6127
2012,Raukokore River,136.436
2012,Nukuhou River,820.3041
2012,Waimana River,43.5098
2012,Whakatane River,37.5925
2012,Ngongotaha Stream,358.8954
2012,Rangitaiki River,235.2506
2012,Ohau Channel,121.9244
2012,Tarawera River,113.7866
2012,Lake Rotoiti Outlet to Kaituna,76.1977
2012,Pongakawa River,497.0052
2012,Kaituna River,189.2569
2012,Omanawa River,364.2552
2012,Waitahanui Stream,296.9693
2012,Haparapara,32.1143
2012,Waioeka River,59.0499
2012,Waimapu River,382.9583
2012,Waitao Stream,210.7609
2012,Kopurererua Stream,390.9662
2012,Te Mania Stream,170.9601
2012,Omarama Stream,80.125
2012,Willowburn,288.5417
2012,Sutherlands Creek,52.75
2012,Hakataramea River,27.2917
2012,Maerewhenua River,62.25
2012,Otiake River,25.75
2012,Penticotico Stream,528.4167
2012,Maryburn,28.625
2012,Otematata River,19.6667
2012,Wairepo Creek,31.625
2012,Cattle Creek,62.6667
2012,Deadman Stream,311.4167
2012,Ashburton River,284.1481
2012,Rangitata River,168.6111
2012,Smithfield Creek,1439.0
2012,Taumatakahu Stream,875.875
2012,Temuka River,594.3333
2012,Raukapuka Creek,752.125
2012,Waihi River,56.5
2012,Tengawai River,213.0417
2012,Saltwater Creek,377.625
2012,Boundary Drain,3698.3958
2012,Petries Drain,1809.7639
2012,Rhodes Stream,3557.6972
2012,Waihao River,92.9375
2012,Hae Hae Te Moana,61.8333
2012,Ohapi Creek,667.8333
2012,Buchanans Creek,314.7083
2012,Sir Charles Creek,1014.2083
2012,Hook River,544.225
2012,Coopers Creek,511.875
2012,Taitarakihi Creek,407.5
2012,Mckinnons Stream,2421.6667
2012,Forks Stream,25.2083
2012,Irishman Creek,21.4583
2012,Orari River,498.2083
2012,Leader River,84.5833
2012,Waipara River,104.1667
2012,Ashley River,53.3958
2012,Taranaki Creek,515.3417
2012,Waikuku Stream,222.625
2012,Cam River,415.8333
2012,Southbrook Stream,612.2917
2012,Cust River,1546.4167
2012,Ohoka River,1591.9583
2012,South Branch,261.9583
2012,Aylmers Valley Stream,177.1667
2012,Kaituna Stream,174.8333
2012,LII Stream,1265.7467
2012,Selwyn River,784.8333
2012,Waireka River,376.5
2012,Boggy Creek,1944.9848
2012,Doyleston Drain,1344.7917
2012,Harts Creek,2002.0533
2012,Rakaia River,105.75
2012,French Farm Stream,128.25
2012,Styx River,375.1944
2012,Halswell River,1161.4861
2012,Okuti River,145.7083
2012,Okana River,134.1111
2012,Conway River,113.4468
2012,Kowhai River,35.125
2012,Lyell Creek,322.5417
2012,Okarahia Stream,115.6583
2012,Warren Creek,135.375
2012,Lee River,873.1667
2012,Middle Creek,591.5417
2012,Waikewai Creek,1487.1111
2012,Te Wharau Stream,220.6667
2012,Hawkins River,835.5
2012,Living Springs Stream,408.875
2012,Waiau River,82.7632
2012,Mason River,44.2917
2012,Zephyr Stream,113.6667
2012,North Brook UpStream,223.5185
2012,Wainui Stream,162.0
2012,Takamatua Stream,229.2083
2012,Kahutara River,58.875
2012,Blue Duck Creek,170.4375
2012,Hapuka River,47.7917
2012,Barrys Bay Stream,215.0
2012,Pawsons Stream,300.75
2012,Purau Stream,153.7083
2012,Teddington Stream,326.8333
2012,Mararoa River,72.0638
2012,Pourakino River,170.2092
2012,Otautau Stream,834.9454
2012,Oreti River,168.4781
2012,Cromel Stream,22.2517
2012,Irthing Stream,467.5418
2012,Winton Stream,571.9649
2012,Makarewa River,496.1122
2012,Dunsdale Stream,70.3707
2012,Waikiwi Stream,1141.446
2012,Waihopai River,946.8683
2012,Otepuni Creek,809.9415
2012,Mataura River,363.2455
2012,Waikaia River,108.4926
2012,Mokoreta River,478.4379
2012,Mimihau Stream Tributary,70.6153
2012,Otamita Stream,357.1414
2012,Waimea Stream,945.221
2012,Waituna Creek,614.563
2012,Waikopikopiko Stream,91.6956
2012,Waikawa River,469.1793
2012,Waimatuku Stream,1008.5143
2012,Oteramika Stream,799.5691
2012,Upukeroa River,50.2044
2012,Mimihau Stream,312.3463
2012,Otapiri Stream,311.617
2012,Bog Burn,725.5739
2012,Tussock Creek,872.8893
2012,Opouriki Stream,984.8574
2012,Mokotua Stream,126.4705
2012,Currens Creek,393.7665
2012,Currens Creek Tributary,133.9757
2012,Moffat Creek,403.2684
2012,Orauea River,416.1365
2012,Whitestone River,151.6915
2012,Tokanui River,550.7442
2012,Longridge Stream,2164.5978
2012,North Peak Stream,389.5972
2012,Sandstone Stream,1172.2191
2012,Waimea Stream tributary,246.932
2012,Awakino River,185.6658
2012,Awaroa Stm (Rotowaro),299.693
2012,Awaroa River (Waiuku),622.8757
2012,Hikutaia River,57.5913
2012,Hinemaiaia River,46.4164
2012,Kaniwhaniwha Stm,202.8237
2012,Karapiro Stm,330.428
2012,Kauaeranga River,51.9356
2012,Kawaunui Stm,1084.5662
2012,Kirikiriroa Stm,505.4513
2012,Komakorau Stm,1013.9267
2012,Kuratau River,170.9879
2012,Little Waipa Stm,630.7422
2012,Mangaharakeke Stm (Atiamuri),250.2309
2012,Mangakara Stm (Reporoa),508.5973
2012,Mangakino Stm (Whakamaru),262.5717
2012,Mangakotukutuku Stm (Rukuhia),684.5583
2012,Mangamingi Stm (Tokoroa),1121.4632
2012,Manganui River,146.7375
2012,Mangaohoi Stm,139.6597
2012,Mangaokewa Stm,326.8642
2012,Mangaone Stm,958.4828
2012,Mangaonua Stm,452.3486
2012,Mangaotaki River,286.7214
2012,Mangapiko Stm (Pirongia/Te Awamutu),683.57
2012,Mangapu River,616.3209
2012,Mangatangi River,191.0099
2012,Mangatutu Stm (Waikeria),203.4309
2012,Mangauika Stm,86.2172
2012,Mangawara Stm,647.4953
2012,Mangawhero Stm (Cambridge),994.4963
2012,Mangawhero Stm (Kaihere),182.3641
2012,Mapara Stm (Lake Taupo),447.5867
2012,Marokopa River,126.1928
2012,Matahuru Stm,424.9912
2012,Mokau River,414.294
2012,Mokauiti Stm,463.1113
2012,Ohaeroa Stm,580.2874
2012,Ohautira Stm,197.0574
2012,Ohinemuri River,331.0224
2012,Ohote Stm,359.5192
2012,Oparau River,68.2431
2012,Opuatia Stm,495.1654
2012,Oraka Stm,858.2693
2012,Otamakokore Stm,382.2291
2012,Piako River,577.9729
2012,Piakonui Stm,129.7758
2012,Pokaiwhenua Stm,694.0538
2012,Pueto Stm,204.6971
2012,Puniu River,368.163
2012,Tahunaatara Stm,277.2018
2012,Tairua River,34.8585
2012,Tapu River,22.4357
2012,Tawarau River,134.5049
2012,Tokaanu Stm,230.4333
2012,Torepatutahi Stm,272.85
2012,Waerenga Stm,490.502
2012,Waihaha River,59.6132
2012,Waihou River,371.2901
2012,Waikato River,124.9237
2012,Waingaro River (Pukemiro),220.5858
2012,Waiohotu Stm,100.6406
2012,Waiomou Stm,257.7654
2012,Waiotapu Stm,656.2839
2012,Waipa River,297.9558
2012,Waipapa Stm (Mokai),435.8546
2012,Waitahanui River,171.8989
2012,Waitakaruru River (Hauraki Plains),254.9668
2012,Waitawhiriwhiri Stm,665.197
2012,Waitekauri River,88.2007
2012,Waitetuna River,246.8736
2012,Waitoa River,717.2133
2012,Waitomo Stm,282.4692
2012,Waiwawa River,26.1643
2012,Whakapipi Stm,1290.0801
2012,Whakauru Stm,199.7024
2012,Whangamarino River,412.7374
2012,Whangamata Stm (Kinloch),726.0
2012,Whanganui Stm,155.1562
2012,Whangape Stm,365.5328
2012,Wharekawa River,61.9415
2012,Whareroa Stm (Taupo District),337.9688
2012,Whirinaki Stm,362.45
2012,Tokaanu Power Station Tailrace Canal,44.6167
2012,Mangapouri Stream,649.823
2012,Waitohu Stream,140.8567
2012,Otaki River,29.2195
2012,Mangaone Stream,651.1286
2012,Ngarara Stream,173.3633
2012,Waikanae River,69.9739
2012,Whareroa Stream,250.3597
2012,Horokiri Stream,240.0712
2012,Pauatahanui Stream,159.0754
2012,Porirua Stream,414.3876
2012,Makara Stream,244.3846
2012,Karori Stream,795.5355
2012,Kaiwharawhara Stream,498.271
2012,Hutt River,74.4665
2012,Pakuratahi River,72.25
2012,Mangaroa River,163.9664
2012,Akatarawa River,57.1139
2012,Whakatikei River,59.1279
2012,Wainuiomata River,76.9607
2012,Orongorongo River,48.0269
2012,Ruamahanga River,134.5159
2012,Mataikona Trib.,105.336
2012,Taueru River,396.1423
2012,Kopuaranga River,333.455
2012,Whangaehu River,221.883
2012,Waipoua River,149.5717
2012,Waingawa River,43.7239
2012,Whareama River,376.9718
2012,Motuwaireka Stream,40.8142
2012,Totara Stream,133.9125
2012,Parkvale Trib.,1333.2338
2012,Parkvale Stream,581.1721
2012,Beef Creek,30.3226
2012,Mangatarere Stream,434.8289
2012,Huangarua River,225.7938
2012,Tauanui River,22.0926
2012,Awhea River,190.5459
2012,Coles Creek Trib.,33.9311
2012,Tauherenikau River,34.2499
2012,Waiorongomai River,25.6152
2012,Esk River,135.2966
2012,Clive river,441.3243
2012,Maraetotara River,478.9191
2012,Tutaekuri River,59.4333
2012,Porangahau River,158.5881
2012,Tukituki River,191.9868
2012,Makaretu Stream,91.2117
2012,Tukipo River,318.0179
2012,Poukawa Stream,326.7033
2012,Mangaorapa Stream,108.4703
2012,Awanui stream,756.7093
2012,Karewarewa stream,1074.3662
2012,Mangaone river,136.702
2012,Mangatarata stream,325.8448
2012,Waipawa river,61.0716
2012,Mangaonuku stream,556.0727
2012,Ngaruroro River,139.4736
2012,Sandy creek,219.146
2012,Aropaoanui river,65.2992
2012,Mokomokonui river,27.8495
2012,Waiarua stream,206.9207
2012,Kopuawhara stream,102.1825
2012,Aniwaniwa stream,23.4257
2012,Ruakituri river,773.3719
2012,Hangaroa river,99.9986
2012,Taurekaitai Stream,186.9122
2012,Waingongoro stream,920.6504
2012,Puhokio stream,494.4657
2012,Porangahau stream,515.5043
2012,Tutaekuri-Waimate stream,174.424
2012,Waikari River,75.5698
2012,Ripia river,98.4875
2012,Mangakuri Stream,106.7401
2012,Taharua River,1052.3339
2012,Waitio stream,193.8657
2012,Mohaka River,116.1202
2012,Taipo,633.3635
2012,Here Here,336.483
2012,Taharua Stream,437.2396
2012,Mangawhero River,102.833
2012,Mangaehuehu Stream,46.6843
2012,Makotuku River,120.7463
2012,Arawhata Drain,4200.1667
2012,Hautapu River,173.4769
2012,Mangatainoka River,146.402
2012,Mangatera Stream,529.9129
2012,Mowhanau Stream,344.9351
2012,Manawatu River,283.2221
2012,Oroua River,121.1215
2012,Pongaroa River,161.8737
2012,Porewa Stream,434.4928
2012,Rangitikei River,94.6828
2012,Rangitawa Stream,459.564
2012,Tokiahuru Stream,54.6198
2012,Whanganui River,190.6905
2012,Ohau River,83.2119
2012,Tokomaru River,37.6901
2012,Tamaki River,96.9203
2012,Mangahao River,79.4441
2012,Pohangina River,66.0092
2012,Oroua Tributary,359.2165
2012,Makuri River,279.867
2012,Oruakeretaki Stream,213.7115
2012,Kumeti Stream,208.7784
2012,Piakatutu,1854.5075
2012,Owahanga River,244.8067
2012,Tiraumea River,286.4545
2012,Ohura River,459.21
2012,Makakahi River,132.2793
2012,Mangapapa Stream,219.1198
2012,Raparapawai Stream,285.3119
2012,Mangatoro River,299.4168
2012,Waikawa Stream,186.6384
2012,Mangaore Stream,216.0028
2012,Manakau Stream,186.8473
2012,Mangaatua Stream,278.8122
2012,Ongarue River,233.9144
2012,Tutaenui Stream,874.4928
2012,Kahuterawa Stream,72.8209
2012,Turakina River,251.0976
2012,Mangarangiora tributary,588.6802
2012,Unnamed Tributary of Waipu Str,750.05
2012,Makotuku at Raetihi,166.3517
2012,Hoteo,190.1033
2012,Rangitopuni,259.8207
2012,Clutha,40.0121
2012,Kawarau,22.6809
2012,Shotover,14.4375
2012,Hurunui,92.406
2012,Waimakariri,74.4019
2012,Taieri,89.4615
2012,Sutton Stm,351.0113
2012,Mataura,285.0453
2012,Oreti,322.279
2012,Waiau,127.0053
2012,Monowai,14.9926
2012,Waipaoa,297.4845
2012,Waikohu,200.3689
2012,Motu,152.1176
2012,Buller,51.5486
2012,Grey,60.7055
2012,Haast,14.6204
2012,Waipa,422.0044
2012,Waikato,161.2503
2012,Waihou,482.4446
2012,Ohinemuri,273.7589
2012,Makaroro,34.5775
2012,Tukituki,247.7586
2012,Ngaruroro,63.638
2012,Mohaka,118.4702
2012,Motueka,58.7291
2012,Wairau,31.3033
2012,Tarawera,107.63
2012,Rangitaiki,256.622
2012,Whirinaki,59.6982
2012,Opihi,310.2128
2012,Opuha,111.4457
2012,Waitaki,24.2901
2012,Hakataramea,53.5559
2012,Whanganui,195.5692
2012,Tongariro,32.4046
2012,Waitara,479.0992
2012,Manganui,89.5021
2012,Waingongoro,725.5816
2012,Rangitikei,112.6077
2012,Manawatu,280.0492
2012,Waipapa,52.328
2012,Waitangi,165.8771
2012,Mangakahia,128.9697
2012,Wairua,227.1816
2012,Hutt,66.7317
2012,Ruamahanga,159.7029
2012,Saxton Creek,443.8925
2012,Orphanage Stream,102.94
2012,Poorman Valley Stream,78.3118
2012,Jenkins Creek,182.185
2012,York Stream,211.91
2012,The Brook,61.6161
2012,Maitai River,45.976
2012,Sharland Creek,171.57
2012,Groom Creek,240.825
2012,Todds Valley,144.225
2012,Wakapuaka River,48.6317
2012,Lud River,170.8638
2012,Teal River,52.78
2012,Pritchards Stream,13.97
2012,Whangamoa River,31.1205
2012,Graham Stream,18.0
2012,Collins River,43.09
2012,Dencker Creek,43.16
2012,Hillwood Valley Creek,262.0421
2012,Waiharakeke River,173.0152
2012,Hatea River,297.9187
2012,Mangahahuru Stream,192.8767
2012,Awanui River,171.2128
2012,Waipapa River,165.2469
2012,Kerikeri River,274.9741
2012,Mangere Stream,593.3754
2012,Waiotu River,291.5482
2012,Whakapara River,177.478
2012,Kaihu River,184.665
2012,Opouteke River,126.996
2012,Kaeo River,317.2111
2012,Waitangi River,230.0948
2012,Ruakaka River,444.4212
2012,Punakitere River,265.0079
2012,Victoria River,70.4194
2012,Waiarohia Stream,290.0448
2012,Waipao River,954.4728
2012,Paparoa Stream,278.5955
2012,Mangamuka River,100.8657
2012,Oruru River,185.8028
2012,Utakura River,148.6925
2012,Hakaru River,181.6224
2012,Mangakahia River,140.7835
2012,Waimamaku River,277.6195
2012,Ngunguru River,129.052
2012,Kauru River,39.619
2012,Kakanui River,96.1042
2012,Waiareka Creek,499.0185
2012,Waianakarua River,120.4815
2012,Trotter's Creek,307.0238
2012,Shag River,161.3958
2012,Waikouaiti River,67.2174
2012,Lindsays Creek,391.4444
2012,Water Of Leith,456.5
2012,Kaikorai Stream,286.0
2012,Taieri River,163.5397
2012,Kye Burn,55.0278
2012,Main Drain,511.8846
2012,Waipori River,59.2222
2012,Silverstream,137.8333
2012,Tokomairiro West Branch,374.0
2012,Mill Creek,185.3611
2012,Fraser River,28.25
2012,Pomahaka River,400.7333
2012,Cardrona River,37.5
2012,Manuherikia River,152.8889
2012,Lindis River,41.6905
2012,Crookston Burn,1143.2286
2012,Heriot Burn,992.6296
2012,Waipahi River,731.5889
2012,Wairuna Stream,5567.8704
2012,Manuherikia,116.6204
2012,Waitahuna River,413.7037
2012,Dunstan Creek,40.5
2012,Dart River,24.1571
2012,Matukituki River,32.7059
2012,Luggate Creek,25.0556
2012,Hawea River,18.1667
2012,Catlins River,262.6875
2012,Aorere,42.4617
2012,Black Vly,108.7112
2012,Graham,5.6233
2012,Hunters,8.3333
2012,Kaituna,41.5124
2012,Kikiwa,1160.7072
2012,Lee,11.0305
2012,Little Sydney,116.1148
2012,Mangles,49.7578
2012,Matakitaki,5.6
2012,Motupiko,29.9679
2012,Motupipi,446.9403
2012,Murchison Ck,287.0815
2012,Onahau,90.8937
2012,Onekaka,73.9816
2012,Reservoir Ck,136.6319
2012,Riwaka,13.6798
2012,Roding,14.1379
2012,Sherry,53.819
2012,Takaka,46.8778
2012,Waimea,101.8783
2012,Wairoa,7.2819
2012,Waiwhero,108.0396
2012,Wangapeka,35.0507
2012,Powell,631.4172
2012,Tasman,217.6815
2012,Seaton Vly,37.179
2012,Winter,89.0
2012,Mangaehu River,141.0654
2012,Maketawa Stream,154.8144
2012,Mangaoraka Stream,550.6841
2012,Patea River,175.2538
2012,Punehu Stream,216.8178
2012,Stony River,102.0762
2012,Waingongoro River,418.9049
2012,Waiwhakaiho River,123.2429
2012,Arnold River,50.2904
2012,Baker Creek,120.1943
2012,Berry Creek,112.8732
2012,Blackwater Creek,680.992
2012,Bradshaws Creek,252.6082
2012,Burkes Creek,159.0833
2012,Crooked River,39.3087
2012,Duck Creek,276.4781
2012,Harris Creek,183.3433
2012,Ellis Creek,127.6875
2012,Ford Creek,35.4547
2012,La Fontaine Stream,113.4604
2012,Molloy Creek,169.1333
2012,Murray Creek,206.294
2012,Mawheraiti River,218.2843
2012,Nelson Creek,46.8758
2012,Orowaiti River,52.8032
2012,Okutua Creek,32.9404
2012,Page Stream,51.441
2012,Poerua River,66.3229
2012,Sawyers Creek,183.3018
2012,Seven Mile Creek,79.8135
2012,Unnamed Creek,264.1518
2012,Vickers Creek,133.7036
2012,Hohonu River,21.3443
2012,Orangipuku River,125.9089
2013,Aparima River,223.8464
2013,Cromel Stream,26.931
2013,Here Here,328.0992
2013,Rangitaiki,216.1635
2013,Wangapeka,42.1273
2013,Deep Creek,336.8162
2013,Matakana River,107.4514
2013,Mahurangi River,148.725
2013,Waiwera River,363.2689
2013,West Hoe,51.2056
2013,Okura Creek,606.6222
2013,Vaughans,334.9528
2013,Oteha,347.1944
2013,Lucas,311.5986
2013,Opanuku,226.275
2013,Oakley,1234.2972
2013,Otara Creek,619.3174
2013,Pakuranga Creek,920.5069
2013,Otaki,1485.9167
2013,Omaru,443.6556
2013,Wairoa River,174.7444
2013,Wairoa Trib,104.4764
2013,Waitangi Stream,446.7494
2013,Puhinui Creek,465.7917
2013,Whangamaire,4861.2444
2013,Ngakaroa,1359.6375
2013,Papakura Stream,2142.6667
2013,Cascade Stream,55.7589
2013,Kumeu River,375.7083
2013,Riverhead,70.3778
2013,Kaukapakapa,268.7653
2013,Makerau,158.375
2013,Nukuhou River,210.7329
2013,Whakatane River,120.6042
2013,Ngongotaha Stream,261.3663
2013,Ohau Channel,67.7161
2013,Tarawera River,101.0762
2013,Lake Rotoiti Outlet to Kaituna,62.3542
2013,Pongakawa River,511.1273
2013,Kaituna River,194.7348
2013,Ngamuwahine Stream,123.6013
2013,Omanawa River,420.7331
2013,Puarenga Stream,279.9529
2013,Waitahanui Stream,308.3822
2013,Waioeka River,40.4649
2013,Waimapu River,411.5493
2013,Waimapu,343.3509
2013,Uretara Stream,163.521
2013,Tuapiro Stream,92.111
2013,Waitao Stream,216.0095
2013,Kopurererua Stream,412.2165
2013,Waipapa,133.8486
2013,Te Mania Stream,192.3206
2013,Aongatete River,177.1246
2013,Waiau Stream,145.6928
2013,Omarama Stream,127.6912
2013,Willowburn,407.4459
2013,Maerewhenua River,95.1884
2013,Sutherlands Creek,155.6516
2013,Hakataramea River,66.7119
2013,Otiake River,15.8061
2013,Penticotico Stream,719.6621
2013,Maryburn,50.7332
2013,Otematata River,13.6982
2013,Wairepo Creek,54.5544
2013,Cattle Creek,110.7841
2013,Deadman Stream,563.6766
2013,Ashburton River,260.4291
2013,Rangitata River,122.9908
2013,Smithfield Creek,1496.124
2013,Taumatakahu Stream,580.1919
2013,Temuka River,643.7951
2013,Raukapuka Creek,897.562
2013,Waihi River,74.3826
2013,Tengawai River,200.446
2013,Saltwater Creek,278.5847
2013,Boundary Drain,3705.0356
2013,Petries Drain,1926.5708
2013,Rhodes Stream,3806.211
2013,Waihao River,175.1462
2013,Hae Hae Te Moana,57.3562
2013,Ohapi Creek,516.2199
2013,Buchanans Creek,438.795
2013,Sir Charles Creek,1211.318
2013,Hook River,861.3229
2013,Coopers Creek,514.7904
2013,Taitarakihi Creek,440.5623
2013,Mckinnons Stream,1936.4333
2013,Forks Stream,32.6385
2013,Irishman Creek,19.8648
2013,Orari River,411.4164
2013,Leader River,137.612
2013,Waipara River,133.4209
2013,Ashley River,91.5519
2013,Taranaki Creek,543.7499
2013,Waikuku Stream,302.5644
2013,Cam River,476.3597
2013,Southbrook Stream,729.5556
2013,Cust River,1461.418
2013,Ohoka River,1474.4274
2013,South Branch,198.3409
2013,Aylmers Valley Stream,290.0728
2013,Kaituna Stream,257.1697
2013,LII Stream,1139.929
2013,Selwyn River,843.3799
2013,Waireka River,421.5832
2013,Boggy Creek,1904.496
2013,Doyleston Drain,1200.5897
2013,Harts Creek,2216.0532
2013,Rakaia River,32.8574
2013,French Farm Stream,221.2909
2013,Styx River,710.1857
2013,Halswell River,1104.2745
2013,Okuti River,152.6955
2013,Okana River,208.2854
2013,Conway River,132.3372
2013,Kowhai River,107.5768
2013,Lyell Creek,476.8628
2013,Okarahia Stream,110.3297
2013,Warren Creek,353.2854
2013,Lee River,1062.8303
2013,Waikewai Creek,1530.9059
2013,Middle Creek,769.8748
2013,Te Wharau Stream,228.5049
2013,Hawkins River,924.18
2013,Living Springs Stream,369.0704
2013,Waiau River,109.0485
2013,Mason River,93.0074
2013,Zephyr Stream,164.7834
2013,North Brook UpStream,308.7544
2013,Wainui Stream,182.1599
2013,Takamatua Stream,205.7657
2013,Kahutara River,154.8032
2013,Blue Duck Creek,298.7094
2013,Hapuka River,47.2996
2013,Barrys Bay Stream,229.3904
2013,Pawsons Stream,336.8992
2013,Purau Stream,128.9568
2013,Teddington Stream,368.8032
2013,Mararoa River,94.2756
2013,Pourakino River,138.411
2013,Otautau Stream,652.7543
2013,Oreti River,177.6515
2013,Irthing Stream,564.7975
2013,Winton Stream,668.0064
2013,Makarewa River,362.5036
2013,Dunsdale Stream,72.2167
2013,Waikiwi Stream,1047.7909
2013,Waihopai River,831.9975
2013,Otepuni Creek,764.341
2013,Mataura River,548.4167
2013,Waikaia River,120.7181
2013,Waikaka Stream,354.4923
2013,Mokoreta River,409.8706
2013,Mimihau Stream Tributary,95.2612
2013,Otamita Stream,981.5076
2013,Waimea Stream,933.4753
2013,Waituna Creek,684.462
2013,Waikopikopiko Stream,118.3367
2013,Waikawa River,333.2554
2013,Waimatuku Stream,942.4912
2013,Oteramika Stream,766.7912
2013,Upukeroa River,71.2465
2013,Mimihau Stream,328.2316
2013,Otapiri Stream,365.6006
2013,Bog Burn,553.375
2013,Tussock Creek,629.2483
2013,Opouriki Stream,795.9381
2013,Mokotua Stream,115.5136
2013,Currens Creek,277.944
2013,Currens Creek Tributary,142.2812
2013,Moffat Creek,410.6205
2013,Orauea River,301.189
2013,Whitestone River,238.0182
2013,Tokanui River,494.8698
2013,Longridge Stream,1460.4549
2013,North Peak Stream,334.6859
2013,Sandstone Stream,738.3335
2013,Waimea Stream tributary,344.591
2013,Awakino River,122.9998
2013,Awaroa Stm (Rotowaro),544.6435
2013,Awaroa River (Waiuku),503.1074
2013,Hikutaia River,78.3142
2013,Hinemaiaia River,49.9605
2013,Kaniwhaniwha Stm,259.3074
2013,Karapiro Stm,276.3562
2013,Kauaeranga River,41.1622
2013,Kawaunui Stm,869.9036
2013,Kirikiriroa Stm,497.4323
2013,Komakorau Stm,908.5234
2013,Kuratau River,148.1014
2013,Little Waipa Stm,542.248
2013,Mangaharakeke Stm (Atiamuri),202.376
2013,Mangakara Stm (Reporoa),487.0745
2013,Mangakino Stm (Whakamaru),223.4143
2013,Mangakotukutuku Stm (Rukuhia),722.0927
2013,Mangamingi Stm (Tokoroa),999.5947
2013,Manganui River,191.6081
2013,Mangaohoi Stm,163.6971
2013,Mangaokewa Stm,407.0123
2013,Mangaone Stm,996.4035
2013,Mangaonua Stm,493.2826
2013,Mangaotaki River,351.3678
2013,Mangapiko Stm (Pirongia/Te Awamutu),702.0953
2013,Mangapu River,456.1278
2013,Mangatangi River,431.8426
2013,Mangatutu Stm (Waikeria),152.1828
2013,Mangauika Stm,109.6128
2013,Mangawara Stm,744.069
2013,Mangawhero Stm (Cambridge),912.766
2013,Mangawhero Stm (Kaihere),200.1449
2013,Mapara Stm (Lake Taupo),315.9006
2013,Marokopa River,154.9905
2013,Matahuru Stm,437.2401
2013,Mokau River,251.5168
2013,Mokauiti Stm,279.3436
2013,Ohaeroa Stm,590.0594
2013,Ohautira Stm,419.5266
2013,Ohinemuri River,313.4124
2013,Ohote Stm,362.1236
2013,Oparau River,103.4054
2013,Opuatia Stm,381.8522
2013,Oraka Stm,745.8522
2013,Otamakokore Stm,298.9633
2013,Piako River,554.4986
2013,Piakonui Stm,101.6715
2013,Pokaiwhenua Stm,585.9541
2013,Pueto Stm,171.0459
2013,Puniu River,391.0286
2013,Tahunaatara Stm,216.7136
2013,Tairua River,83.7286
2013,Tapu River,80.3476
2013,Tawarau River,238.7283
2013,Tokaanu Stm,177.0845
2013,Torepatutahi Stm,235.5915
2013,Waerenga Stm,392.8398
2013,Waihaha River,50.1529
2013,Waihou River,333.8554
2013,Waikato River,123.9258
2013,Waingaro River (Pukemiro),578.1118
2013,Waiohotu Stm,90.3819
2013,Waiomou Stm,232.5508
2013,Waiotapu Stm,599.6782
2013,Waipa River,277.5862
2013,Waipapa Stm (Mokai),416.8366
2013,Waitahanui River,154.353
2013,Waitakaruru River (Hauraki Plains),225.6791
2013,Waitawhiriwhiri Stm,663.153
2013,Waitekauri River,103.5266
2013,Waitetuna River,258.052
2013,Waitoa River,703.1263
2013,Waitomo Stm,244.7299
2013,Waiwawa River,101.5194
2013,Whakapipi Stm,1174.1449
2013,Whakauru Stm,192.2335
2013,Whangamarino River,397.7993
2013,Whangamata Stm (Kinloch),629.3662
2013,Whanganui Stm,131.3099
2013,Whangape Stm,519.2477
2013,Wharekawa River,195.9765
2013,Whareroa Stm (Taupo District),281.3239
2013,Whirinaki Stm,290.5375
2013,Tokaanu Power Station Tailrace Canal,21.0563
2013,Mangapouri Stream,960.5858
2013,Waitohu Stream,152.8562
2013,Otaki River,32.4846
2013,Mangaone Stream,813.5985
2013,Ngarara Stream,272.7729
2013,Waikanae River,177.5452
2013,Whareroa Stream,361.5817
2013,Horokiri Stream,299.3987
2013,Pauatahanui Stream,242.0229
2013,Porirua Stream,518.1741
2013,Makara Stream,288.0429
2013,Karori Stream,697.4517
2013,Kaiwharawhara Stream,483.5057
2013,Hutt River,92.7968
2013,Pakuratahi River,169.7662
2013,Mangaroa River,270.4091
2013,Akatarawa River,65.0933
2013,Whakatikei River,80.2862
2013,Wainuiomata River,78.4429
2013,Orongorongo River,39.3687
2013,Ruamahanga River,230.1032
2013,Mataikona Trib.,87.7813
2013,Taueru River,323.8717
2013,Kopuaranga River,591.9994
2013,Whangaehu River,571.8938
2013,Waipoua River,212.7924
2013,Waingawa River,68.1421
2013,Whareama River,187.8579
2013,Motuwaireka Stream,34.8889
2013,Totara Stream,88.6377
2013,Parkvale Trib.,1563.5071
2013,Parkvale Stream,743.8433
2013,Waiohine River,100.6087
2013,Beef Creek,33.4717
2013,Mangatarere Stream,445.9787
2013,Huangarua River,376.1072
2013,Tauanui River,25.9995
2013,Awhea River,281.6522
2013,Coles Creek Trib.,78.2808
2013,Tauherenikau River,51.7896
2013,Waiorongomai River,29.1988
2013,Esk River,111.2695
2013,Clive river,437.746
2013,Maraetotara River,225.1725
2013,Tutaekuri River,44.2583
2013,Porangahau River,163.2758
2013,Tukituki River,208.5623
2013,Makaretu Stream,184.2782
2013,Tukipo River,443.306
2013,Poukawa Stream,434.103
2013,Mangaorapa Stream,270.4535
2013,Awanui stream,747.6255
2013,Karewarewa stream,1061.6097
2013,Mangaone river,104.3072
2013,Mangatarata stream,651.6059
2013,Waipawa river,111.0458
2013,Mangaonuku stream,624.1204
2013,Ngaruroro River,44.9747
2013,Sandy creek,263.8607
2013,Aropaoanui river,145.801
2013,Mokomokonui river,34.8211
2013,Waiarua stream,201.1592
2013,Kopuawhara stream,89.8637
2013,Aniwaniwa stream,28.1763
2013,Ruakituri river,184.5134
2013,Hangaroa river,185.2354
2013,Taurekaitai Stream,247.9321
2013,Waingongoro stream,621.6284
2013,Puhokio stream,207.1648
2013,Porangahau stream,707.4207
2013,Tutaekuri-Waimate stream,192.8165
2013,Waikari River,186.8873
2013,Ripia river,99.4017
2013,Mangakuri Stream,215.1175
2013,Taharua River,887.9639
2013,Waitio stream,146.9517
2013,Mohaka River,133.3453
2013,Taipo,385.3168
2013,Taharua Stream,459.2911
2013,Mangawhero River,314.564
2013,Mangaehuehu Stream,66.8717
2013,Makotuku River,473.653
2013,Arawhata Drain,3243.1542
2013,Patiki Stream,2232.7384
2013,Hautapu River,140.214
2013,Mangatainoka River,139.1668
2013,Mangatera Stream,470.1175
2013,Mowhanau Stream,370.6897
2013,Manawatu River,258.1185
2013,Oroua River,354.1589
2013,Pongaroa River,179.8084
2013,Porewa Stream,445.4275
2013,Rangitikei River,114.323
2013,Rangitawa Stream,1195.1249
2013,Tokiahuru Stream,192.3867
2013,Whanganui River,168.6773
2013,Ohau River,84.2193
2013,Tokomaru River,53.4677
2013,Tamaki River,139.2511
2013,Mangahao River,97.4639
2013,Pohangina River,59.9018
2013,Oroua Tributary,654.5712
2013,Makuri River,329.5092
2013,Oruakeretaki Stream,348.4231
2013,Kumeti Stream,294.5875
2013,Piakatutu,775.5923
2013,Owahanga River,195.6616
2013,Tiraumea River,300.3213
2013,Ohura River,444.0487
2013,Makakahi River,162.0402
2013,Mangapapa Stream,176.7881
2013,Raparapawai Stream,288.9343
2013,Mangatoro River,256.4173
2013,Waikawa Stream,242.7906
2013,Mangaore Stream,86.0234
2013,Manakau Stream,261.5735
2013,Mangaatua Stream,285.1343
2013,Ongarue River,274.0328
2013,Hokio Stream,423.1961
2013,Tutaenui Stream,1200.2868
2013,Kahuterawa Stream,88.8895
2013,Turakina River,398.4799
2013,Mangarangiora tributary,500.2185
2013,Unnamed Tributary of Waipu Str,885.74
2013,Makotuku at Raetihi,765.0624
2013,Hoteo,173.5947
2013,Rangitopuni,200.9621
2013,Clutha,36.5508
2013,Kawarau,25.6901
2013,Shotover,22.833
2013,Hurunui,140.4584
2013,Waimakariri,87.0944
2013,Taieri,113.5943
2013,Sutton Stm,97.5613
2013,Mataura,347.6971
2013,Oreti,324.0962
2013,Waiau,104.0882
2013,Monowai,13.7377
2013,Waipaoa,171.6162
2013,Waikohu,193.8291
2013,Motu,93.6302
2013,Buller,44.9123
2013,Grey,61.8943
2013,Haast,15.2992
2013,Waipa,258.433
2013,Waikato,136.1198
2013,Waihou,435.6015
2013,Ohinemuri,178.2347
2013,Makaroro,30.2361
2013,Tukituki,229.2808
2013,Ngaruroro,38.2364
2013,Mohaka,81.8216
2013,Motueka,85.4189
2013,Wairau,44.9505
2013,Tarawera,104.6583
2013,Whirinaki,56.2385
2013,Opihi,351.1295
2013,Opuha,136.0429
2013,Waitaki,28.3326
2013,Hakataramea,67.5837
2013,Whanganui,168.5037
2013,Tongariro,24.9651
2013,Waitara,242.4107
2013,Manganui,85.1281
2013,Waingongoro,593.7719
2013,Rangitikei,108.2237
2013,Manawatu,319.9796
2013,Waitangi,298.7217
2013,Mangakahia,137.0386
2013,Wairua,204.9328
2013,Hutt,77.474
2013,Ruamahanga,161.6052
2013,Saxton Creek,399.0889
2013,Orphanage Stream,74.98
2013,Poorman Valley Stream,56.1375
2013,Jenkins Creek,105.56
2013,York Stream,201.865
2013,The Brook,44.3
2013,Maitai River,22.1182
2013,Sharland Creek,118.8667
2013,Groom Creek,164.1571
2013,Todds Valley,88.6467
2013,Wakapuaka River,40.3765
2013,Lud River,74.7387
2013,Teal River,36.1333
2013,Pritchards Stream,13.34
2013,Whangamoa River,15.0435
2013,Graham Stream,11.3333
2013,Collins River,20.9062
2013,Dencker Creek,26.9812
2013,Hillwood Valley Creek,121.6133
2013,Waiharakeke River,451.4357
2013,Hatea River,259.5467
2013,Mangahahuru Stream,208.2389
2013,Awanui River,128.6753
2013,Waipapa River,173.3899
2013,Kerikeri River,606.9102
2013,Mangere Stream,283.8493
2013,Waiotu River,307.4929
2013,Whakapara River,310.931
2013,Kaihu River,168.3489
2013,Opouteke River,65.0005
2013,Kaeo River,201.8974
2013,Waitangi River,310.2114
2013,Ruakaka River,397.4275
2013,Punakitere River,260.4496
2013,Victoria River,41.4827
2013,Waiarohia Stream,331.2368
2013,Waipao River,858.1705
2013,Mangamuka River,157.699
2013,Oruru River,89.4983
2013,Utakura River,142.3707
2013,Hakaru River,328.5402
2013,Mangakahia River,136.884
2013,Waimamaku River,109.177
2013,Kauru River,135.1667
2013,Kakanui River,178.9917
2013,Waiareka Creek,571.697
2013,Waianakarua River,150.8182
2013,Trotter's Creek,486.6667
2013,Shag River,189.175
2013,Waikouaiti River,97.6296
2013,Lindsays Creek,459.4074
2013,Water Of Leith,357.963
2013,Kaikorai Stream,353.0185
2013,Taieri River,126.2619
2013,Kye Burn,124.5741
2013,Main Drain,609.7727
2013,Waipori River,42.8125
2013,Silverstream,342.5
2013,Tokomairiro West Branch,248.1111
2013,Mill Creek,198.7778
2013,Fraser River,89.7407
2013,Pomahaka River,278.6587
2013,Cardrona River,70.7593
2013,Manuherikia River,139.3519
2013,Lindis River,97.614
2013,Crookston Burn,1366.9259
2013,Heriot Burn,1290.2917
2013,Waipahi River,673.9841
2013,Wairuna Stream,1057.0972
2013,Manuherikia,107.6944
2013,Waitahuna River,287.4722
2013,Dunstan Creek,42.463
2013,Dart River,198.037
2013,Matukituki River,109.4074
2013,Luggate Creek,33.0741
2013,Hawea River,17.8981
2013,Catlins River,221.0185
2013,Aorere,56.0514
2013,Black Vly,123.7
2013,Graham,12.2556
2013,Hunters,7.7875
2013,Kaituna,24.9979
2013,Kikiwa,131.65
2013,Lee,11.0636
2013,Little Sydney,154.81
2013,Mangles,23.6875
2013,Matakitaki,286.3722
2013,Motupiko,15.3111
2013,Motupipi,419.3642
2013,Murchison Ck,712.05
2013,Onahau,268.175
2013,Onekaka,91.3731
2013,Reservoir Ck,192.5
2013,Riwaka,36.98
2013,Roding,22.6455
2013,Sherry,1251.6429
2013,Takaka,57.7808
2013,Waimea,118.3926
2013,Wairoa,9.3
2013,Waiwhero,362.55
2013,Powell,741.4978
2013,Tasman,434.6556
2013,Seaton Vly,22.2625
2013,Winter,69.3
2013,Mangaehu River,108.8644
2013,Maketawa Stream,240.7192
2013,Mangaoraka Stream,439.3444
2013,Patea River,193.3244
2013,Punehu Stream,270.6411
2013,Stony River,17.8587
2013,Waingongoro River,509.8317
2013,Waiwhakaiho River,87.3994
2013,Arnold River,54.5266
2013,Baker Creek,157.639
2013,Berry Creek,172.7204
2013,Blackwater Creek,630.98
2013,Bradshaws Creek,705.2856
2013,Harris Creek,295.581
2013,Crooked River,38.1825
2013,Duck Creek,312.3781
2013,Ellis Creek,155.195
2013,Ford Creek,65.047
2013,La Fontaine Stream,154.409
2013,Molloy Creek,211.4424
2013,Mawheraiti River,173.0811
2013,Murray Creek,205.1962
2013,Nelson Creek,73.7725
2013,Okutua Creek,38.2357
2013,Orowaiti River,70.8923
2013,Page Stream,50.6415
2013,Poerua River,75.5467
2013,Sawyers Creek,688.8266
2013,Seven Mile Creek,80.1851
2013,Unnamed Creek,416.19
2013,Vickers Creek,178.5686
2013,Hohonu River,41.0514
2013,Orangipuku River,150.576
